0.384,0.3872,0.3872,0.3872,0.3872,0.3872,0.3872,0.384,0.3872,0.3872,0.3872,0.3872,0.304,0.384,0.384,0.3872,0.384,0.3872,0.384,0.3872,0.3872,0.3904,0.3872,0.3872,0.384,0.384,0.3872,0.384,0.3872,0.3904,0.3872,0.384,0.3872,0.3872,0.384,0.3872,0.3872,0.3872,0.384,0.3904,0.3872,0.3872,0.3904,0.3872,0.3872,0.3872,0.3872,0.384,0.3872,0.384,0.3872,0.3872,0.3904,0.3872,0.3872,0.3872,0.384,0.3872,0.3872,0.3872,0.3904,0.3872,0.384,0.3872,0.3872,0.3872,0.384,0.3872,0.3904,0.384,0.3872,0.384,0.3872,0.3872,0.3872,0.384,0.384,0.3872,0.3872,0.3872,0.3872,0.3872,0.3872,0.3872,0.3872,0.384,0.3872,0.3872,0.3872,0.384,0.3872,0.3872,0.3872,0.3872,0.384,0.3872,0.3872,0.3872,0.3872,0.3872,0.384,0.384,0.3872,0.3872,0.3872,0.3904,0.3872,0.3872,0.3872,0.3872,0.3872,0.3872,0.3904,0.384,0.3872,0.3872,0.3872,0.3872,0.3872,0.3904,0.384,0.384,0.3872,0.3904,0.3872,0.3872,0.384,0.3872,0.3872,0.384,0.3872,0.3872,0.3872,0.3872,0.3872,0.384,0.3872,0.3872,0.3872,0.3872,0.3872,0.3904,0.3872,0.3872,0.3872,0.384,0.3872,0.3904,0.3904,0.3872,0.3872,0.3872,0.3872,0.3872,0.3904,0.3872,0.3872,0.3872,0.3872,0.3904,0.3872,0.3872,0.3904,0.3904,0.3872,0.3872,0.384,0.3872,0.3872,0.3872,0.384,0.3872,0.3872,0.3872,0.3872,0.3872,0.3904,0.3872,0.384,0.384,0.3872,0.3872,0.3872,0.3872,0.3904,0.3872,0.3872,0.3872,0.3904,0.3872,0.3872,0.3872,0.3904,0.3904,0.3904,0.3872,0.3872,0.3872,0.3872,0.3872,0.3872,0.3872,0.3904,0.3872,0.384,0.3872,0.3904,0.3872,0.3872,0.3872,0.3872,0.3872,0.384,0.3904,0.3872,0.3872,0.384,0.3872,0.3904,0.3872,0.3904,0.3904,0.3872,0.3904,0.3872,0.3872,0.3872,0.3904,0.3904,0.3872,0.3904,0.3872,0.3872,0.3872,0.3904,0.3872,0.3904,0.384,0.3904,0.3872,0.3904,0.384,0.3872,0.3872,0.3872,0.3904,0.3872,0.3872,0.3872,0.3872,0.3872,0.3872,0.3904,0.3872,0.3872,0.384,0.3872,0.3872,0.3872,0.3872,0.3872,0.3872,0.3872,0.3904,0.3904,0.3904,0.3904,0.3872,0.3872,0.3872,0.3872,0.384,0.3872,0.3904,0.3872,0.3904,0.3904,0.3872,0.3904,0.3872,0.3872,0.3904,0.3072,0.3072,0.3072,0.3072,0.3872,0.3872,0.3072,0.3072,0.3072,0.3072,0.3104,0.3104,0.3872,0.3072,0.3072,0.384,0.3072,0.3072,0.304,0.3808,0.384,0.3808,0.3808,0.3072,0.3072,0.3072,0.384,0.3072,0.3072,0.3872,0.384,0.3072,0.3904,0.3904,0.3872,0.3872,0.384,0.3872,0.3904,0.3872,0.3904,0.3872,0.3904,0.3904,0.3904,0.3904,0.3872,0.3872,0.3904,0.384,0.384,0.3872,0.3872,0.3872,0.3872,0.3904,0.3872,0.3872,0.3872,0.3872,0.3872,0.384,0.3872,0.3104,0.3872,0.3872,0.3872,0.3904,0.3904,0.3872,0.3872,0.3904,0.3904,0.3872,0.384,0.3904,0.3872,0.3872,0.384,0.3872,0.3904,0.3872,0.3872,0.3872,0.3904,0.3872,0.3904,0.3872,0.3872,0.384,0.3872,0.3872,0.3872,0.3872,0.3904,0.3904,0.3904,0.3872,0.3872,0.3872,0.3872,0.3104,0.384,0.3872,0.3872,0.3872,0.3904,0.3904,0.3872,0.3872,0.3872,0.3904,0.3872,0.3872,0.3872,0.3872,0.3872,0.3872,0.3872,0.3904
0.368,0.368,0.368,0.3136,0.3104,0.3072,0.3136,0.3648,0.3712,0.368,0.368,0.3648,0.3648,0.3648,0.368,0.368,0.3648,0.3648,0.3104,0.3072,0.3136,0.3136,0.3104,0.3712,0.368,0.368,0.368,0.3712,0.368,0.3136,0.3104,0.3104,0.3104,0.3136,0.368,0.368,0.368,0.368,0.368,0.368,0.3648,0.3136,0.3072,0.368,0.368,0.3104,0.368,0.368,0.3104,0.368,0.368,0.3648,0.368,0.368,0.368,0.3648,0.368,0.368,0.368,0.3104,0.368,0.3104,0.368,0.368,0.3712,0.368,0.368,0.3072,0.368,0.3648,0.3104,0.3072,0.3648,0.3648,0.3104,0.3648,0.3648,0.3648,0.368,0.368,0.3104,0.3104,0.368,0.368,0.368,0.368,0.368,0.368,0.3648,0.368,0.3648,0.368,0.368,0.3136,0.3072,0.3104,0.3136,0.3104,0.3648,0.3104,0.368,0.3648,0.3648,0.3648,0.368,0.3104,0.368,0.368,0.368,0.368,0.368,0.3136,0.3136,0.3712,0.368,0.368,0.3104,0.368,0.3104,0.3104,0.3104,0.3072,0.3104,0.3712,0.368,0.3136,0.368,0.3712,0.368,0.368,0.368,0.3648,0.368,0.3104,0.3072,0.3136,0.3072,0.3104,0.3712,0.368,0.3712,0.3648,0.368,0.368,0.3104,0.3104,0.3072,0.3104,0.3104,0.3104,0.3104,0.368,0.368,0.3648,0.368,0.368,0.368,0.3104,0.3072,0.3104,0.3136,0.3104,0.3104,0.3104,0.368,0.368,0.3648,0.368,0.3712,0.3136,0.3104,0.368,0.3072,0.3104,0.368,0.3104,0.3104,0.368,0.368,0.3648,0.368,0.3648,0.3104,0.3104,0.3104,0.3104,0.3104,0.3136,0.3104,0.3136,0.368,0.3648,0.368,0.3648,0.368,0.3648,0.3104,0.3104,0.368,0.3104,0.3104,0.3104,0.3104,0.3712,0.3648,0.3648,0.3136,0.368,0.3104,0.3104,0.3104,0.3104,0.3104,0.3712,0.368,0.3648,0.368,0.368,0.368,0.368,0.368,0.3104,0.3072,0.3104,0.3104,0.3648,0.3136,0.3104,0.3648,0.3648,0.3712,0.368,0.368,0.3104,0.3072,0.3104,0.3104,0.3136,0.3104,0.3104,0.3104,0.368,0.368,0.368,0.3648,0.3648,0.3104,0.368,0.3104,0.368,0.3104,0.3104,0.368,0.3104,0.368,0.3648,0.368,0.368,0.368,0.3104,0.3136,0.3136,0.3136,0.3104,0.368,0.3104,0.368,0.3648,0.368,0.368,0.3648,0.368,0.3104,0.3104,0.368,0.3104,0.3104,0.3104,0.3104,0.3648,0.368,0.368,0.3712,0.368,0.368,0.368,0.368,0.368,0.368,0.368,0.368,0.368,0.3712,0.368,0.3648,0.368,0.368,0.368,0.368,0.368,0.3648,0.368,0.368,0.3616,0.304,0.4,0.4032,0.4064,0.4032,0.4,0.4032,0.4032,0.4032,0.4064,0.4032,0.4032,0.4,0.4032,0.4032,0.4064,0.4064,0.4032,0.4064,0.4,0.4032,0.4032,0.4064,0.4032,0.4032,0.4032,0.4032,0.4096,0.4064,0.4064,0.4032,0.4032,0.4032,0.4,0.4032,0.4032,0.4032,0.4064,0.4,0.4064,0.4064,0.4064,0.4096,0.4032,0.4032,0.4032,0.4032,0.4032,0.4,0.4032,0.4032,0.4032,0.4064,0.4064,0.4064,0.4032,0.4032,0.4032,0.4032,0.4032,0.4064,0.4032,0.4032,0.4032,0.4032,0.4064,0.4064,0.4032,0.4064,0.4032,0.4,0.4032,0.4032,0.4,0.4,0.4064,0.4032,0.3168,0.3744,0.3712,0.3744,0.32,0.3712,0.32,0.32,0.3136,0.3136,0.3168,0.3136,0.3136,0.3136,0.3744,0.3712,0.3168,0.3136,0.3136,0.3136,0.3136
0.3072,0.3904,0.3904,0.3904,0.3904,0.384,0.3904,0.3872,0.3872,0.3904,0.3872,0.3072,0.3872,0.384,0.3904,0.3872,0.3872,0.3872,0.3872,0.3904,0.3872,0.3872,0.3904,0.3872,0.384,0.384,0.3904,0.3872,0.3872,0.3872,0.3872,0.3872,0.3872,0.3872,0.3872,0.3904,0.3072,0.3872,0.3872,0.3872,0.3904,0.3904,0.3904,0.3904,0.3904,0.3872,0.3872,0.3872,0.3872,0.3072,0.3104,0.3072,0.3872,0.3872,0.3872,0.3904,0.3904,0.3872,0.3904,0.3904,0.3904,0.3904,0.3872,0.3072,0.3904,0.3872,0.3072,0.3904,0.3872,0.3872,0.3872,0.3904,0.3872,0.3872,0.3872,0.3872,0.3872,0.3904,0.3872,0.3872,0.3872,0.3872,0.3904,0.3904,0.3872,0.3904,0.3872,0.3904,0.3072,0.3072,0.3872,0.3904,0.3872,0.3872,0.3872,0.3904,0.3904,0.3904,0.3904,0.3904,0.3872,0.3872,0.3872,0.3904,0.3904,0.3904,0.3904,0.3872,0.3872,0.3904,0.3904,0.3872,0.3872,0.3872,0.3872,0.3872,0.3872,0.3872,0.3872,0.3872,0.3904,0.3872,0.3872,0.3904,0.3904,0.3872,0.3104,0.3872,0.3872,0.3872,0.3872,0.3904,0.3904,0.3872,0.3872,0.3872,0.3872,0.3872,0.3904,0.3872,0.3872,0.3872,0.3904,0.3904,0.3904,0.3904,0.3872,0.3904,0.3872,0.3904,0.3904,0.3872,0.3872,0.3872,0.3904,0.3904,0.3872,0.3872,0.3872,0.3904,0.3872,0.3872,0.3904,0.3904,0.3872,0.3872,0.3872,0.3904,0.3872,0.3872,0.3872,0.3872,0.3904,0.3872,0.3872,0.3904,0.3872,0.3872,0.3872,0.3904,0.3904,0.3872,0.3872,0.3872,0.3904,0.3872,0.3904,0.3904,0.3904,0.3872,0.384,0.3872,0.3904,0.3904,0.3872,0.3936,0.3872,0.3872,0.3904,0.3872,0.3872,0.3904,0.3904,0.3904,0.3872,0.3872,0.3872,0.3936,0.3872,0.3904,0.3872,0.3904,0.3904,0.3872,0.3904,0.3904,0.384,0.3872,0.3872,0.3904,0.3904,0.3872,0.3872,0.3872,0.3904,0.3904,0.3872,0.3904,0.3872,0.384,0.3872,0.3904,0.3872,0.3872,0.3904,0.3904,0.3904,0.3872,0.3872,0.3904,0.3872,0.3872,0.3904,0.3872,0.3872,0.3904,0.3904,0.3904,0.3872,0.3872,0.3872,0.3872,0.3872,0.3904,0.3872,0.3872,0.3872,0.3904,0.3872,0.3872,0.3872,0.3904,0.3904,0.3904,0.3872,0.3872,0.3904,0.384,0.3072,0.3872,0.3904,0.3904,0.3904,0.3872,0.3904,0.3936,0.3872,0.3872,0.3872,0.384,0.3872,0.3872,0.3072,0.3072,0.3104,0.3072,0.3904,0.3072,0.3072,0.3072,0.3072,0.3904,0.3072,0.3072,0.3872,0.384,0.3072,0.3072,0.3104,0.3072,0.3072,0.3872,0.3872,0.3808,0.384,0.3104,0.3072,0.3072,0.3072,0.384,0.3872,0.384,0.3104,0.3104,0.3904,0.3904,0.3904,0.3904,0.3904,0.3872,0.3904,0.3904,0.3872,0.3904,0.3904,0.3904,0.3872,0.3904,0.3872,0.3904,0.3872,0.3872,0.384,0.3872,0.3872,0.3904,0.3904,0.3872,0.3872,0.3904,0.3872,0.3904,0.3872,0.3072,0.384,0.3104,0.3904,0.3904,0.3904,0.3904,0.3872,0.3904,0.3872,0.3904,0.384,0.3904,0.3872,0.3872,0.3872,0.3904,0.3872,0.3872,0.3904,0.3904,0.3872,0.3872,0.3904,0.3904,0.3904,0.3872,0.3904,0.3872,0.3872,0.3872,0.3872,0.3904,0.3904,0.3872,0.3872,0.3904,0.3904,0.3904,0.3904,0.3104,0.3904,0.3904,0.3872,0.3904,0.3872,0.3904,0.3904,0.3872,0.3904,0.3872,0.3904,0.3904,0.3872,0.3904,0.3904,0.3904,0.3904,0.3872
0.3872,0.384,0.3872,0.3872,0.3872,0.3872,0.384,0.3872,0.3872,0.3872,0.384,0.384,0.384,0.3872,0.384,0.3872,0.3872,0.3872,0.3872,0.3872,0.3904,0.3904,0.3904,0.3872,0.3872,0.3872,0.3872,0.3872,0.3904,0.3872,0.3872,0.3872,0.3872,0.3872,0.3872,0.3872,0.3872,0.3872,0.3872,0.3872,0.384,0.3904,0.3904,0.3872,0.3872,0.384,0.384,0.3872,0.3872,0.384,0.3872,0.3872,0.3872,0.3872,0.3872,0.3872,0.384,0.3872,0.3872,0.3872,0.3872,0.3872,0.3904,0.3872,0.3872,0.3872,0.3872,0.3872,0.3872,0.3872,0.3872,0.384,0.3872,0.3904,0.3872,0.384,0.3872,0.3904,0.3872,0.3872,0.3872,0.3872,0.3872,0.3904,0.384,0.3872,0.384,0.3872,0.384,0.384,0.3872,0.3072,0.3872,0.3872,0.3872,0.3904,0.3872,0.3904,0.3872,0.384,0.384,0.3872,0.3872,0.3872,0.384,0.3872,0.3872,0.3872,0.3872,0.3904,0.3872,0.3904,0.3872,0.3872,0.3872,0.3904,0.3904,0.3872,0.384,0.3904,0.3872,0.3872,0.3872,0.3872,0.3904,0.3872,0.3872,0.3808,0.3904,0.3904,0.3872,0.3904,0.3872,0.3872,0.384,0.3904,0.3872,0.3872,0.3872,0.3872,0.3872,0.3872,0.3904,0.3872,0.3904,0.3872,0.3872,0.3904,0.3872,0.3872,0.3904,0.3872,0.3872,0.384,0.3872,0.3904,0.3872,0.3872,0.3872,0.3904,0.3872,0.3872,0.3872,0.3872,0.3872,0.3872,0.3872,0.3872,0.3872,0.3904,0.3904,0.3872,0.3904,0.3872,0.3872,0.3872,0.3872,0.384,0.3872,0.3872,0.3904,0.3872,0.3904,0.384,0.3872,0.3872,0.3872,0.3904,0.3904,0.3872,0.3872,0.3872,0.384,0.3904,0.3872,0.384,0.3872,0.3904,0.3872,0.3872,0.3872,0.3904,0.3872,0.384,0.384,0.3872,0.3872,0.3904,0.3904,0.3872,0.3872,0.3904,0.3872,0.3904,0.3904,0.3872,0.3872,0.3872,0.3872,0.3872,0.3872,0.3904,0.3872,0.3872,0.3904,0.3872,0.384,0.3872,0.3872,0.3872,0.3872,0.3872,0.3872,0.3904,0.3904,0.3904,0.3872,0.3904,0.3872,0.3872,0.3872,0.384,0.3872,0.3872,0.3872,0.3872,0.3904,0.3872,0.3904,0.3872,0.3872,0.3904,0.3904,0.3872,0.3872,0.384,0.3872,0.3904,0.384,0.3872,0.3872,0.3872,0.3872,0.3904,0.3872,0.3872,0.3872,0.384,0.3872,0.3872,0.3872,0.3872,0.3872,0.3904,0.3872,0.3872,0.3872,0.3904,0.3872,0.3872,0.3872,0.384,0.3072,0.3072,0.304,0.3072,0.3872,0.384,0.3072,0.3072,0.3872,0.3072,0.3072,0.3072,0.3072,0.3072,0.3072,0.384,0.3072,0.3072,0.3808,0.304,0.3872,0.3808,0.3808,0.3072,0.3104,0.3872,0.384,0.3872,0.384,0.3872,0.3072,0.3072,0.3904,0.3872,0.3872,0.3872,0.3872,0.3872,0.3872,0.3872,0.3872,0.3904,0.3872,0.3872,0.3872,0.3872,0.3872,0.3872,0.3872,0.3072,0.3872,0.3904,0.3872,0.3872,0.3872,0.3872,0.3872,0.3904,0.3872,0.3872,0.3872,0.384,0.3872,0.3072,0.3872,0.3904,0.3872,0.3872,0.3872,0.3872,0.3872,0.3872,0.3872,0.3904,0.3872,0.3872,0.3904,0.3872,0.3872,0.3872,0.3872,0.3872,0.3904,0.3872,0.3904,0.3872,0.3872,0.384,0.384,0.3872,0.3872,0.384,0.3872,0.3872,0.3904,0.3904,0.3904,0.3872,0.3872,0.3872,0.384,0.3072,0.3904,0.3904,0.3872,0.3872,0.3872,0.3872,0.3872,0.3904,0.3872,0.3872,0.3904,0.3904,0.384,0.3872,0.3872,0.3904,0.3904,0.3872
0.3168,0.32,0.32,0.3168,0.3168,0.3168,0.3168,0.32,0.3168,0.32,0.32,0.3232,0.3232,0.32,0.32,0.3168,0.3168,0.3168,0.3168,0.3168,0.3168,0.3168,0.32,0.3168,0.3168,0.32,0.3168,0.32,0.3168,0.32,0.3168,0.3168,0.3168,0.3168,0.3168,0.3168,0.32,0.32,0.3168,0.3168,0.32,0.3168,0.32,0.3168,0.3168,0.32,0.32,0.32,0.3168,0.3168,0.32,0.3168,0.32,0.3168,0.32,0.3168,0.32,0.3168,0.3168,0.3168,0.3168,0.3168,0.32,0.32,0.32,0.32,0.32,0.32,0.3168,0.3168,0.3168,0.3168,0.32,0.3168,0.32,0.32,0.4384,0.4416,0.3808,0.4384,0.3776,0.3808,0.384,0.3808,0.3808,0.4384,0.432,0.4384,0.4384,0.4352,0.3776,0.4384,0.3808,0.3776,0.3776,0.3776,0.3776,0.3776,0.3776,0.3776,0.4352,0.4384,0.4384,0.4384,0.4384,0.3744,0.3776,0.3808,0.3776,0.3744,0.3776,0.3776,0.3808,0.4352,0.4352,0.4384,0.3808,0.3808,0.3744,0.3776,0.3744,0.3776,0.3776,0.3808,0.3776,0.3776,0.4384,0.4352,0.4384,0.4384,0.3776,0.3776,0.3776,0.3776,0.3776,0.3776,0.3776,0.3808,0.4384,0.4384,0.4352,0.4384,0.4384,0.4352,0.3776,0.3808,0.3776,0.3808,0.3776,0.3776,0.3776,0.4384,0.4384,0.4384,0.3808,0.4384,0.3776,0.3808,0.3776,0.3776,0.3776,0.3808,0.3808,0.3776,0.4352,0.4384,0.4384,0.4384,0.3808,0.3808,0.3744,0.3808,0.3776,0.3744,0.3744,0.3808,0.3744,0.4384,0.4352,0.3808,0.3808,0.3808,0.3776,0.3808,0.3776,0.3776,0.3776,0.3776,0.3776,0.3776,0.4416,0.4384,0.3808,0.4384,0.4384,0.3776,0.3744,0.3776,0.3776,0.3776,0.3776,0.3776,0.4384,0.4352,0.4384,0.3776,0.3776,0.384,0.3776,0.3776,0.3744,0.3808,0.384,0.3808,0.3808,0.4384,0.4384,0.4384,0.3808,0.384,0.3776,0.3776,0.3776,0.3776,0.3808,0.3808,0.3776,0.3808,0.4384,0.4384,0.4384,0.4384,0.3808,0.3776,0.3776,0.3776,0.3808,0.3808,0.3776,0.3808,0.3808,0.4384,0.4384,0.4384,0.3808,0.4384,0.3776,0.3776,0.3776,0.3776,0.3776,0.3776,0.3776,0.3776,0.4384,0.4384,0.3808,0.4416,0.3808,0.3776,0.3776,0.3776,0.3776,0.3776,0.3744,0.3776,0.4384,0.4416,0.4384,0.384,0.3808,0.3808,0.3776,0.3776,0.3776,0.3808,0.3808,0.3808,0.3776,0.4352,0.4384,0.4384,0.4416,0.4384,0.4384,0.4352,0.3776,0.4384,0.4384,0.4352,0.4352,0.4384,0.4416,0.4384,0.4416,0.4384,0.4384,0.4384,0.4384,0.4384,0.4352,0.4352,0.3808,0.3328,0.336,0.4032,0.4064,0.3456,0.3456,0.3456,0.3392,0.4,0.3392,0.4032,0.3392,0.3424,0.3392,0.3424,0.3456,0.3456,0.3424,0.3424,0.3424,0.3392,0.3392,0.3392,0.3392,0.3424,0.3392,0.3424,0.3424,0.3456,0.3456,0.3424,0.3424,0.3424,0.3392,0.3456,0.3424,0.3424,0.3392,0.3392,0.3456,0.3456,0.3456,0.4,0.3424,0.3456,0.3424,0.3392,0.3392,0.3392,0.3424,0.3424,0.3424,0.3424,0.3456,0.3456,0.3456,0.3456,0.3424,0.3392,0.3424,0.3424,0.3424,0.3424,0.3424,0.3424,0.3424,0.3488,0.3424,0.3424,0.3424,0.3424,0.3424,0.3424,0.3424,0.3424,0.3424,0.3424,0.3424,0.3104,0.3136,0.3168,0.3104,0.3136,0.3136,0.3136,0.3136,0.3104,0.3104,0.3136,0.3104,0.3104,0.3104,0.3136,0.3136,0.3136,0.3104,0.3136,0.3136,0.3104
0.3872,0.3904,0.3904,0.3904,0.3904,0.3904,0.3936,0.3904,0.3904,0.3936,0.3104,0.3104,0.3136,0.3904,0.3904,0.3936,0.3872,0.3904,0.3904,0.3904,0.3904,0.3904,0.3936,0.3872,0.3904,0.3872,0.3904,0.3872,0.3904,0.3936,0.3936,0.3904,0.3904,0.3904,0.3904,0.3936,0.3904,0.3936,0.3936,0.3904,0.3904,0.3936,0.3936,0.3904,0.3904,0.3936,0.3872,0.3904,0.3904,0.3872,0.3104,0.3904,0.3904,0.3904,0.3904,0.3968,0.3936,0.3904,0.3904,0.3904,0.3904,0.3904,0.3904,0.3904,0.3904,0.3904,0.3904,0.3872,0.3904,0.3904,0.3904,0.3904,0.3904,0.3904,0.3904,0.3104,0.3072,0.3904,0.3904,0.3904,0.3904,0.3936,0.3936,0.3904,0.3904,0.3904,0.3904,0.3904,0.3104,0.3104,0.3904,0.3104,0.3904,0.3936,0.3936,0.3904,0.3904,0.3904,0.3904,0.3904,0.3104,0.3104,0.3872,0.3904,0.3904,0.3904,0.3904,0.3904,0.3904,0.3904,0.3904,0.3904,0.3936,0.3872,0.3104,0.3904,0.3936,0.3904,0.3904,0.3936,0.3936,0.3936,0.3904,0.3904,0.3936,0.3904,0.3104,0.3872,0.3904,0.3904,0.3904,0.3904,0.3904,0.3904,0.3904,0.3904,0.3936,0.3904,0.3872,0.3872,0.3904,0.3936,0.3904,0.3904,0.3904,0.3904,0.3904,0.3872,0.3904,0.3904,0.3904,0.3904,0.3872,0.3904,0.3904,0.3904,0.3904,0.3904,0.3904,0.3904,0.3904,0.3904,0.3904,0.3904,0.3872,0.3104,0.3904,0.3904,0.3872,0.3936,0.3904,0.3904,0.3936,0.3904,0.3904,0.3904,0.3904,0.3104,0.3904,0.3872,0.3904,0.3904,0.3904,0.3904,0.3936,0.3936,0.3904,0.3904,0.3904,0.3904,0.3104,0.3904,0.3904,0.3904,0.3872,0.3904,0.3904,0.3936,0.3904,0.3904,0.3904,0.3936,0.3872,0.3904,0.3104,0.3904,0.3904,0.3904,0.3904,0.3904,0.3936,0.3904,0.3936,0.3936,0.3936,0.3904,0.3104,0.3904,0.3904,0.3904,0.3904,0.3936,0.3904,0.3936,0.3936,0.3936,0.3936,0.3904,0.3104,0.3872,0.3904,0.3904,0.3904,0.3904,0.3936,0.3904,0.3936,0.3936,0.3936,0.3904,0.3904,0.3936,0.3904,0.3904,0.3936,0.3904,0.3904,0.3904,0.3904,0.3936,0.3904,0.3904,0.3936,0.3904,0.3872,0.3904,0.3904,0.3904,0.3936,0.3904,0.3904,0.3936,0.3904,0.3904,0.3904,0.3904,0.3872,0.3904,0.3872,0.3904,0.3936,0.3904,0.3904,0.3936,0.3936,0.3904,0.3904,0.3904,0.3904,0.3872,0.3104,0.3104,0.3104,0.3104,0.3104,0.3904,0.3904,0.3104,0.3104,0.3104,0.3104,0.3104,0.3104,0.3104,0.3136,0.3104,0.3104,0.3072,0.3104,0.3104,0.3104,0.3136,0.3904,0.384,0.384,0.3104,0.3136,0.3904,0.3904,0.3104,0.3904,0.3904,0.3104,0.3904,0.3936,0.3904,0.3904,0.3936,0.3872,0.3104,0.3904,0.3904,0.3936,0.3904,0.3904,0.3936,0.3936,0.3936,0.3904,0.3904,0.3904,0.3904,0.3904,0.3904,0.3904,0.3904,0.3936,0.3904,0.3904,0.3904,0.3936,0.3904,0.3904,0.3104,0.3104,0.3104,0.3904,0.3904,0.3904,0.3904,0.3904,0.3904,0.3904,0.3904,0.3904,0.3936,0.3872,0.3872,0.3872,0.3904,0.3904,0.3904,0.3936,0.3904,0.3936,0.3904,0.3904,0.3904,0.3904,0.3904,0.3904,0.3904,0.3872,0.3904,0.3904,0.3936,0.3872,0.3904,0.3936,0.3904,0.3904,0.3904,0.3904,0.3136,0.3936,0.3904,0.3872,0.3904,0.3904,0.3904,0.3904,0.3936,0.3904,0.3936,0.3872,0.3872,0.3872,0.3904,0.3904,0.3904,0.3904,0.3936
0.384,0.3872,0.3904,0.3904,0.3872,0.3872,0.3872,0.384,0.384,0.3872,0.3072,0.3072,0.304,0.304,0.384,0.384,0.3872,0.384,0.3872,0.3872,0.3904,0.3904,0.3872,0.3872,0.3872,0.384,0.384,0.3872,0.3904,0.3872,0.3872,0.384,0.3904,0.3904,0.3872,0.3872,0.3872,0.3872,0.3904,0.3872,0.3904,0.3872,0.3872,0.3872,0.3872,0.3872,0.3872,0.3872,0.3872,0.384,0.384,0.3872,0.384,0.3872,0.3872,0.3872,0.3904,0.3872,0.3872,0.3904,0.3872,0.384,0.3072,0.3872,0.384,0.3872,0.3872,0.3904,0.3872,0.3872,0.3872,0.3872,0.3872,0.384,0.3072,0.384,0.3872,0.3872,0.384,0.3872,0.384,0.3872,0.3872,0.3872,0.3872,0.3872,0.3904,0.3872,0.3872,0.3872,0.3872,0.3904,0.3904,0.3872,0.3872,0.3872,0.3904,0.3872,0.3872,0.3872,0.3872,0.384,0.3872,0.3904,0.3872,0.3872,0.3904,0.3904,0.3904,0.3872,0.3904,0.3872,0.3904,0.3872,0.3872,0.3904,0.3872,0.3872,0.3872,0.3872,0.3904,0.3872,0.3904,0.3904,0.3872,0.384,0.3872,0.3872,0.384,0.3904,0.3872,0.3872,0.3872,0.3904,0.3872,0.3904,0.3904,0.3872,0.3104,0.3872,0.3872,0.3872,0.3904,0.3904,0.3872,0.384,0.3872,0.3872,0.3872,0.3872,0.3872,0.3872,0.3872,0.3872,0.3904,0.3872,0.3904,0.3872,0.3872,0.3904,0.3872,0.384,0.3872,0.3872,0.3872,0.3872,0.3872,0.3904,0.3872,0.3904,0.3872,0.3872,0.384,0.3904,0.3904,0.3872,0.3872,0.3872,0.3872,0.3872,0.3872,0.3872,0.3904,0.3872,0.3872,0.3872,0.3872,0.3872,0.3904,0.3872,0.384,0.3872,0.3872,0.3872,0.3872,0.3872,0.3872,0.3872,0.3872,0.3904,0.3872,0.3904,0.3872,0.3872,0.3904,0.3872,0.3872,0.3872,0.3904,0.3872,0.3872,0.3904,0.3904,0.3872,0.3872,0.3872,0.3872,0.384,0.3872,0.3872,0.3872,0.3872,0.384,0.3872,0.3904,0.3872,0.3904,0.3872,0.3872,0.3872,0.3872,0.3872,0.3872,0.3872,0.3872,0.3904,0.384,0.3872,0.3872,0.3904,0.3904,0.384,0.3872,0.3872,0.3904,0.3872,0.3872,0.3872,0.3872,0.3872,0.3872,0.3872,0.3872,0.3872,0.3872,0.3904,0.3872,0.3872,0.3872,0.3872,0.3872,0.3872,0.3872,0.3872,0.3872,0.3872,0.3872,0.3872,0.3872,0.3872,0.3872,0.3904,0.3904,0.3904,0.3872,0.3872,0.3872,0.3872,0.3872,0.3872,0.384,0.3072,0.3072,0.3072,0.3072,0.3872,0.3904,0.384,0.3072,0.384,0.3104,0.3872,0.3072,0.3104,0.3872,0.3072,0.3072,0.3872,0.304,0.3072,0.3072,0.3072,0.3872,0.3808,0.3808,0.3072,0.3072,0.384,0.3872,0.3872,0.384,0.384,0.3072,0.384,0.3872,0.3872,0.3904,0.3904,0.3872,0.384,0.3904,0.3872,0.3872,0.3904,0.3872,0.3872,0.3904,0.3872,0.3904,0.3904,0.384,0.3872,0.3872,0.3872,0.3872,0.3872,0.3904,0.3872,0.3872,0.3872,0.3872,0.3872,0.3872,0.384,0.3872,0.384,0.3904,0.3904,0.3872,0.3872,0.3904,0.3872,0.3872,0.3872,0.3872,0.3904,0.3872,0.384,0.3872,0.3904,0.3872,0.3904,0.3872,0.3872,0.3872,0.3872,0.3904,0.3904,0.3904,0.3872,0.3904,0.3872,0.3872,0.3904,0.384,0.3872,0.3904,0.3872,0.3872,0.3904,0.3904,0.3872,0.3872,0.3072,0.3872,0.3872,0.3904,0.384,0.3872,0.3904,0.3872,0.3872,0.3872,0.3904,0.3872,0.384,0.3872,0.3872,0.3872,0.3872,0.3904,0.3904
0.3872,0.3872,0.3872,0.3872,0.3872,0.3872,0.3872,0.3872,0.384,0.384,0.304,0.3072,0.3072,0.304,0.3872,0.3872,0.3872,0.384,0.3872,0.3872,0.3872,0.3872,0.3872,0.384,0.384,0.3872,0.3872,0.3904,0.3872,0.3872,0.3872,0.3872,0.3872,0.3872,0.3872,0.3872,0.384,0.3872,0.3872,0.3872,0.384,0.3872,0.3872,0.3872,0.3872,0.3872,0.3872,0.3904,0.384,0.384,0.384,0.3872,0.384,0.3872,0.3872,0.3872,0.3872,0.3872,0.384,0.3872,0.384,0.384,0.3872,0.384,0.3872,0.3872,0.3872,0.3872,0.3872,0.3872,0.3872,0.3872,0.3872,0.384,0.384,0.384,0.384,0.3872,0.384,0.3904,0.3872,0.3872,0.3872,0.3904,0.3872,0.3872,0.3872,0.384,0.384,0.3872,0.3872,0.3904,0.3872,0.3904,0.3872,0.3872,0.3904,0.3872,0.3904,0.384,0.384,0.3072,0.3872,0.3904,0.3872,0.3872,0.3872,0.3872,0.3872,0.3872,0.3872,0.3904,0.3872,0.3872,0.3872,0.3872,0.3872,0.3872,0.3872,0.3904,0.384,0.3872,0.384,0.3872,0.3872,0.3872,0.3872,0.3808,0.384,0.3872,0.3872,0.3872,0.3872,0.3872,0.3872,0.3872,0.3872,0.3872,0.3872,0.384,0.384,0.384,0.3872,0.3904,0.3872,0.3872,0.3872,0.3872,0.3872,0.3904,0.3872,0.3872,0.3872,0.3872,0.3872,0.3872,0.3872,0.3872,0.3904,0.3872,0.384,0.3872,0.3872,0.3904,0.384,0.3872,0.3872,0.3904,0.3872,0.3872,0.3872,0.3872,0.384,0.3872,0.3872,0.3904,0.3904,0.384,0.3872,0.3872,0.3872,0.3872,0.3872,0.3872,0.3872,0.3872,0.3872,0.3872,0.3904,0.3872,0.384,0.384,0.3904,0.3872,0.3904,0.3872,0.384,0.3872,0.3872,0.3872,0.384,0.3872,0.3872,0.384,0.384,0.3872,0.3872,0.3904,0.3872,0.3872,0.3904,0.3872,0.3872,0.3904,0.3872,0.384,0.384,0.3872,0.3872,0.3904,0.3872,0.3872,0.3872,0.3872,0.3872,0.3872,0.3872,0.3872,0.3872,0.3872,0.3872,0.3872,0.3872,0.3872,0.3872,0.3872,0.3872,0.3904,0.3872,0.3904,0.3872,0.3872,0.384,0.3872,0.3872,0.3872,0.3872,0.384,0.3872,0.3872,0.3872,0.384,0.3872,0.3872,0.384,0.384,0.3872,0.384,0.3872,0.3872,0.3872,0.384,0.3904,0.3904,0.3904,0.3872,0.3872,0.3872,0.384,0.3872,0.3872,0.384,0.3872,0.3872,0.3872,0.3872,0.3872,0.3872,0.3872,0.3872,0.3872,0.3072,0.3072,0.3872,0.3072,0.3872,0.3872,0.3072,0.3104,0.304,0.3072,0.3072,0.3072,0.3072,0.3072,0.3072,0.3072,0.3072,0.3072,0.304,0.384,0.384,0.3872,0.3808,0.2976,0.3072,0.3072,0.384,0.3872,0.384,0.3872,0.3072,0.304,0.3872,0.3904,0.3872,0.3872,0.3872,0.3872,0.384,0.3872,0.3872,0.3872,0.3872,0.3904,0.3872,0.384,0.3872,0.3872,0.3872,0.3872,0.3872,0.3872,0.3872,0.3872,0.384,0.3872,0.3872,0.3872,0.3872,0.3904,0.384,0.3872,0.3872,0.3872,0.384,0.3872,0.3904,0.3872,0.3872,0.3872,0.3872,0.3872,0.3872,0.3872,0.3872,0.3872,0.3872,0.3872,0.3872,0.3872,0.3872,0.3872,0.3904,0.3904,0.3872,0.3872,0.3872,0.3872,0.3872,0.3872,0.3872,0.3872,0.384,0.3872,0.3872,0.384,0.3872,0.3872,0.3872,0.3872,0.3872,0.384,0.3104,0.3872,0.3872,0.3872,0.3904,0.3904,0.3872,0.3872,0.3872,0.3872,0.3872,0.3872,0.3904,0.3872,0.3872,0.3872,0.3872,0.3872,0.3872
0.384,0.3872,0.3872,0.3872,0.3872,0.3872,0.3872,0.3904,0.3872,0.3872,0.3072,0.3104,0.3104,0.3072,0.3872,0.3872,0.3872,0.3872,0.3872,0.3936,0.3872,0.3872,0.3872,0.384,0.3072,0.3872,0.3872,0.3904,0.3872,0.3904,0.384,0.3872,0.3872,0.3904,0.3904,0.3872,0.3872,0.384,0.3872,0.3872,0.384,0.3872,0.3904,0.3872,0.3872,0.384,0.3872,0.3904,0.3872,0.3872,0.3872,0.3872,0.3872,0.384,0.3872,0.3904,0.3904,0.3904,0.3872,0.3872,0.3872,0.3872,0.3872,0.3072,0.384,0.384,0.3872,0.3872,0.3872,0.3872,0.3872,0.3872,0.3872,0.3872,0.3072,0.384,0.3072,0.384,0.3872,0.3872,0.3872,0.3872,0.3872,0.3872,0.3872,0.3872,0.3872,0.384,0.3872,0.3872,0.3872,0.384,0.3872,0.3872,0.3872,0.3872,0.3872,0.3872,0.3872,0.3872,0.3072,0.384,0.3872,0.3872,0.3872,0.3872,0.3872,0.3872,0.3872,0.3872,0.3904,0.3904,0.384,0.3872,0.3872,0.3904,0.3872,0.3872,0.3904,0.3872,0.3904,0.3904,0.3872,0.3872,0.3872,0.3904,0.3872,0.3872,0.3904,0.3872,0.3872,0.3872,0.3872,0.3872,0.3872,0.3872,0.3872,0.3872,0.3872,0.384,0.3104,0.3904,0.3872,0.3904,0.3872,0.3872,0.3872,0.3904,0.3872,0.3872,0.3872,0.384,0.3872,0.3872,0.3904,0.3904,0.3904,0.3904,0.3872,0.3904,0.3872,0.3904,0.3904,0.3904,0.3872,0.3872,0.3872,0.3872,0.3872,0.3904,0.3872,0.3872,0.3872,0.3872,0.3872,0.3872,0.3872,0.3904,0.3872,0.3872,0.3872,0.384,0.3872,0.3872,0.3872,0.3872,0.3872,0.3872,0.3872,0.3872,0.384,0.3872,0.3872,0.3872,0.3872,0.3904,0.3872,0.3872,0.3872,0.3904,0.3904,0.3872,0.384,0.3872,0.384,0.3872,0.3872,0.3872,0.3872,0.3872,0.3872,0.3872,0.3872,0.3904,0.3904,0.384,0.3872,0.3872,0.3904,0.3904,0.3904,0.3904,0.3872,0.3872,0.3872,0.3904,0.3904,0.3872,0.3872,0.3872,0.3872,0.3872,0.3872,0.3872,0.3904,0.3872,0.3872,0.3872,0.3872,0.3904,0.3104,0.3872,0.384,0.3872,0.3872,0.3872,0.3872,0.3872,0.3872,0.3872,0.3904,0.3872,0.3872,0.3872,0.3872,0.3904,0.3904,0.3904,0.3872,0.3872,0.3872,0.3904,0.3872,0.3904,0.3872,0.3872,0.3872,0.3072,0.384,0.3872,0.3872,0.3872,0.3904,0.3904,0.3872,0.3872,0.384,0.3872,0.3872,0.384,0.384,0.3072,0.3072,0.3072,0.3072,0.3872,0.3872,0.3072,0.384,0.3072,0.3072,0.3072,0.3104,0.3872,0.3872,0.3072,0.3072,0.304,0.3072,0.3072,0.3072,0.3072,0.3872,0.384,0.3008,0.3072,0.3872,0.3872,0.3872,0.3072,0.304,0.384,0.384,0.384,0.3872,0.3904,0.3904,0.3872,0.3872,0.3872,0.3872,0.3872,0.3872,0.3872,0.3872,0.3872,0.3872,0.3904,0.3872,0.3872,0.3872,0.3872,0.3872,0.3872,0.3872,0.3904,0.3872,0.3872,0.3872,0.3872,0.3872,0.384,0.384,0.384,0.3872,0.3872,0.3872,0.3872,0.3872,0.3872,0.3872,0.3872,0.3872,0.3872,0.3872,0.3936,0.3872,0.3072,0.3872,0.3872,0.3904,0.3872,0.3904,0.3872,0.3872,0.3872,0.3872,0.3872,0.3904,0.3872,0.3872,0.3872,0.3872,0.3872,0.3872,0.3872,0.3872,0.3872,0.3872,0.3904,0.3872,0.3872,0.3072,0.3104,0.384,0.3872,0.3872,0.3872,0.3872,0.3872,0.3904,0.3872,0.3872,0.3904,0.384,0.384,0.3872,0.3872,0.3872,0.3872,0.3872,0.3872
0.3104,0.3968,0.4,0.4,0.4,0.4,0.3968,0.3968,0.3104,0.3968,0.3104,0.3104,0.3104,0.4,0.3136,0.3968,0.3936,0.3936,0.4,0.4,0.4,0.4,0.4,0.4,0.3136,0.4,0.3968,0.3968,0.3968,0.4,0.3968,0.3968,0.3936,0.3968,0.3968,0.3968,0.3136,0.3136,0.4,0.3968,0.4,0.3968,0.4,0.4,0.3968,0.4,0.4,0.3968,0.3936,0.3968,0.3104,0.4,0.4,0.3968,0.3968,0.4,0.3968,0.4,0.3968,0.3968,0.3968,0.3968,0.3968,0.3968,0.3968,0.3968,0.3968,0.4,0.3968,0.3936,0.3968,0.3968,0.4,0.3968,0.3904,0.3104,0.3968,0.3968,0.3968,0.4,0.4,0.3968,0.3968,0.3968,0.3968,0.3968,0.3936,0.3968,0.3968,0.3968,0.3936,0.3968,0.4,0.3968,0.4,0.4,0.3968,0.3968,0.3968,0.3104,0.3104,0.3968,0.3968,0.3968,0.3968,0.3968,0.3968,0.3968,0.4,0.4,0.3968,0.3968,0.3104,0.3968,0.3104,0.4,0.4,0.3968,0.3936,0.3968,0.3968,0.4,0.4,0.4,0.3968,0.3968,0.3968,0.3936,0.4,0.4,0.3968,0.3968,0.3968,0.4,0.4,0.3968,0.3968,0.4,0.3104,0.3136,0.4,0.4,0.4,0.3968,0.4,0.4,0.4,0.4,0.4,0.4,0.3968,0.3936,0.3968,0.4,0.3968,0.3968,0.3968,0.4,0.4,0.4,0.3968,0.4,0.4,0.3136,0.3104,0.3968,0.3936,0.3968,0.3968,0.4,0.4,0.4,0.3968,0.3968,0.4,0.3968,0.3968,0.4,0.3968,0.4,0.3968,0.3968,0.4,0.4,0.3968,0.3968,0.3968,0.4,0.4,0.3136,0.3104,0.3104,0.3968,0.3968,0.4,0.4,0.3968,0.3968,0.4,0.3968,0.3968,0.3968,0.3136,0.4,0.3968,0.4,0.3936,0.4,0.3968,0.3936,0.4,0.3936,0.4,0.4,0.3968,0.3968,0.3968,0.3968,0.3936,0.3968,0.4,0.4,0.4,0.4,0.4,0.3968,0.3968,0.3104,0.3904,0.3104,0.3968,0.3968,0.3968,0.4,0.4,0.4,0.3936,0.3968,0.3968,0.4,0.3104,0.3936,0.3968,0.4,0.3968,0.4,0.3968,0.4,0.3968,0.4,0.3936,0.3968,0.3968,0.3968,0.4,0.3968,0.3968,0.3936,0.3968,0.4,0.4,0.3968,0.3968,0.3968,0.3968,0.3968,0.3968,0.3104,0.4,0.4,0.3968,0.3968,0.4,0.3968,0.4,0.3968,0.4,0.4,0.3968,0.3136,0.3968,0.3136,0.3104,0.3104,0.3104,0.3936,0.3104,0.3104,0.3104,0.3104,0.3104,0.3136,0.3136,0.3136,0.3104,0.3104,0.3104,0.3136,0.3104,0.3104,0.3104,0.3104,0.3936,0.3904,0.3104,0.3104,0.3968,0.3104,0.3136,0.3936,0.3968,0.3104,0.3104,0.3968,0.3936,0.3968,0.4,0.3968,0.4,0.3968,0.4,0.3968,0.4,0.3968,0.3968,0.3968,0.3968,0.4,0.4,0.3936,0.3104,0.3936,0.3936,0.3968,0.4,0.3936,0.4,0.3968,0.3968,0.4,0.4,0.3968,0.3968,0.3104,0.3104,0.3968,0.4,0.4,0.3968,0.4,0.3968,0.4,0.3936,0.4,0.4,0.3136,0.3936,0.3968,0.4,0.3968,0.3968,0.3968,0.3968,0.3936,0.3936,0.4,0.4,0.4,0.3104,0.4,0.3136,0.3968,0.3936,0.3968,0.3968,0.3968,0.3968,0.3968,0.3968,0.3968,0.4,0.3104,0.3136,0.3136,0.3968,0.3968,0.3968,0.3968,0.4,0.3968,0.4,0.4,0.3968,0.3936,0.3968,0.4,0.3968,0.4,0.3936,0.3968,0.4,0.3968
0.8584,0.7984,0.792,0.792,0.7952,0.7952,0.7912,0.7904,0.7952,0.7992,0.7976,0.7952,0.7984,0.7992,0.796,0.796,0.7976,0.796,0.7952,0.8008,0.792,0.7984,0.7952,0.8008,0.796,0.8032,0.792,0.7976,0.7952,0.7952,0.7912,0.796,0.7912,0.7992,0.7936,0.7968,0.7944,0.8024,0.792,0.7904,0.7864,0.7904,0.7824,0.7936,0.7832,0.7872,0.7888,0.7904,0.7864,0.7944,0.7888,0.788,0.788,0.7912,0.7864,0.796,0.7872,0.792,0.7872,0.7928,0.7872,0.7912,0.7896,0.7944,0.7896,0.7904,0.7872,0.788,0.7888,0.7896,0.7896,0.7904,0.7904,0.7952,0.7856,0.7912,0.7896,0.796,0.7864,0.7952,0.7888,0.7864,0.788,0.7904,0.7896,0.7936,0.7888,0.7952,0.7968,0.7928,0.7904,0.7968,0.792,0.7944,0.7944,0.7952,0.792,0.796,0.7928,0.7936,0.7928,0.7944,0.7896,0.796,0.7896,0.7928,0.7928,0.7896,0.788,0.7968,0.7856,0.7928,0.7936,0.796,0.7912,0.796,0.792,0.7904,0.7944,0.7952,0.7936,0.792,0.7904,0.796,0.7968,0.792,0.7928,0.7992,0.7912,0.7936,0.7944,0.7936,0.7896,0.796,0.7888,0.7936,0.7944,0.7936,0.7936,0.7976,0.7936,0.7928,0.7936,0.7928,0.792,0.7976,0.7912,0.7944,0.7928,0.796,0.788,0.8008,0.7944,0.796,0.792,0.7944,0.7912,0.7944,0.7904,0.7952,0.7944,0.7984,0.7912,0.7984,0.7936,0.796,0.7944,0.7928,0.7896,0.7976,0.792,0.7936,0.796,0.7936,0.7928,0.7976,0.7936,0.796,0.7952,0.7952,0.7896,0.7976,0.792,0.7912,0.7952,0.796,0.792,0.7984,0.7944,0.7944,0.7944,0.7976,0.7928,0.8,0.7936,0.7944,0.7928,0.7944,0.7912,0.7976,0.792,0.7968,0.7952,0.7992,0.7928,0.7968,0.7888,0.7952,0.7968,0.7968,0.7912,0.7992,0.7928,0.8,0.7952,0.8,0.7936,0.7984,0.7904,0.7984,0.7936,0.7944,0.792,0.7976,0.7944,0.7968,0.7952,0.7952,0.7952,0.7992,0.7944,0.7936,0.7952,0.792,0.792,0.7968,0.792,0.7936,0.7944,0.7968,0.7912,0.8016,0.7912,0.796,0.792,0.7944,0.792,0.796,0.792,0.7944,0.7936,0.7968,0.7912,0.8,0.7904,0.7984,0.796,0.7976,0.7944,0.796,0.792,0.7936,0.7912,0.7944,0.7928,0.7968,0.7904,0.796,0.7984,0.7936,0.7896,0.7952,0.7944,0.796,0.7928,0.792,0.792,0.7984,0.7904,0.796,0.7912,0.792,0.788,0.796,0.7832,0.7896,0.7888,0.7872,0.7856,0.792,0.784,0.7904,0.7864,0.7888,0.7872,0.7936,0.7864,0.7928,0.7832,0.7864,0.7872,0.796,0.7904,0.7936,0.7896,0.7928,0.7896,0.788,0.7864,0.784,0.7872,0.7872,0.7864,0.7944,0.7904,0.7936,0.7928,0.7912,0.7928,0.8008,0.7928,0.7928,0.792,0.792,0.792,0.7928,0.788,0.7944,0.7936,0.796,0.7936,0.8,0.792,0.7944,0.7952,0.7928,0.7904,0.7936,0.7912,0.7928,0.7952,0.7944,0.7856,0.7944,0.792,0.7896,0.792,0.7968,0.792,0.796,0.7928,0.7928,0.7904,0.7936,0.7896,0.7968,0.7904,0.796,0.7896,0.792,0.7904,0.7952,0.7904,0.7888,0.7936,0.7936,0.7944,0.796,0.792,0.7952,0.7936,0.7984,0.7968,0.8,0.7976,0.7976,0.8008,0.8,0.7992,0.8048,0.804,0.8,0.7928,0.864,0.7976,0.796,0.7952,0.7944,0.7928,0.7952,0.792,0.8632,0.7936,0.864,0.7928,0.8616,0.7912,0.8,0.7952,0.7944,0.7944,0.7952
0.765105,0.7665821,0.765105,0.7695361,0.7621509,0.765105,0.765105,0.765105,0.763628,0.765105,0.7621509,0.7665821,0.765105,0.7606739,0.7606739,0.765105,0.7680591,0.763628,0.765105,0.7665821,0.7621509,0.765105,0.763628,0.7621509,0.763628,0.765105,0.763628,0.7621509,0.765105,0.7621509,0.8507732,0.765105,0.765105,0.765105,0.7665821,0.7665821,0.765105,0.765105,0.765105,0.8522502,0.7606739,0.765105,0.8537272,0.765105,0.7724902,0.765105,0.765105,0.7680591,0.765105,0.7606739,0.8507732,0.7606739,0.8522502,0.7621509,0.8507732,0.765105,0.7695361,0.7695361,0.7710132,0.7695361,0.7710132,0.7724902,0.8581583,0.7695361,0.7710132,0.7710132,0.8566813,0.8552043,0.7680591,0.7710132,0.7710132,0.7695361,0.7710132,0.7739673,0.7724902,0.7695361,0.7710132,0.7739673,0.8596354,0.7783983,0.7754443,0.8699746,0.7828295,0.7813525,0.7813525,0.7813525,0.7828295,0.7843065,0.7857835,0.7857835,0.8744057,0.7843065,0.7843065,0.7872606,0.7857835,0.7872606,0.7902147,0.7857835,0.7872606,0.7857835,0.7872606,0.7872606,0.8729287,0.7857835,0.7828295,0.7843065,0.8758828,0.7857835,0.7828295,0.7857835,0.7843065,0.7887376,0.7887376,0.7887376,0.8729287,0.7843065,0.7857835,0.8714517,0.8699746,0.8744057,0.8729287,0.7828295,0.7843065,0.7828295,0.7857835,0.7872606,0.8714517,0.7828295,0.8744057,0.8729287,0.8744057,0.7828295,0.8699746,0.7843065,0.7828295,0.7857835,0.7857835,0.7828295,0.7857835,0.7857835,0.7872606,0.8758828,0.8729287,0.7828295,0.7843065,0.7828295,0.7843065,0.7843065,0.7872606,0.7857835,0.7843065,0.7857835,0.7872606,0.8744057,0.8729287,0.7843065,0.7857835,0.7857835,0.8758828,0.7798754,0.7843065,0.7872606,0.7872606,0.7872606,0.7843065,0.7857835,0.8758828,0.7828295,0.7857835,0.7843065,0.7843065,0.7857835,0.7872606,0.7872606,0.7828295,0.7843065,0.7843065,0.8729287,0.8744057,0.7843065,0.8729287,0.7843065,0.8729287,0.7828295,0.8714517,0.7902147,0.7857835,0.7872606,0.7813525,0.7857835,0.8744057,0.7828295,0.7857835,0.7828295,0.7857835,0.7843065,0.8699746,0.7872606,0.7857835,0.7828295,0.7872606,0.7843065,0.7843065,0.7828295,0.7857835,0.7843065,0.7843065,0.7857835,0.7843065,0.8714517,0.7828295,0.7872606,0.7828295,0.7843065,0.7828295,0.7843065,0.7857835,0.7857835,0.7828295,0.7872606,0.7857835,0.7843065,0.7828295,0.7857835,0.7887376,0.7828295,0.7828295,0.7828295,0.8744057,0.7872606,0.8714517,0.8729287,0.7843065,0.7828295,0.8773598,0.7843065,0.7843065,0.7843065,0.8729287,0.7857835,0.7843065,0.7843065,0.8714517,0.7857835,0.7813525,0.7828295,0.8758828,0.7857835,0.7872606,0.7857835,0.7857835,0.7857835,0.7843065,0.7857835,0.7828295,0.8714517,0.7828295,0.7828295,0.8714517,0.7843065,0.8714517,0.7828295,0.7843065,0.7872606,0.7798754,0.7843065,0.8744057,0.7843065,0.7828295,0.8729287,0.7813525,0.7857835,0.7872606,0.8744057,0.7843065,0.7872606,0.7843065,0.7872606,0.7857835,0.8714517,0.7828295,0.7887376,0.7828295,0.7857835,0.7828295,0.7813525,0.8684976,0.7828295,0.7798754,0.7813525,0.7813525,0.7783983,0.7813525,0.7843065,0.8699746,0.7798754,0.7843065,0.7828295,0.7798754,0.7813525,0.7783983,0.7813525,0.7813525,0.7843065,0.7857835,0.7857835,0.7872606,0.7798754,0.7828295,0.7828295,0.7798754,0.7828295,0.7828295,0.7843065,0.7857835,0.7857835,0.7857835,0.7843065,0.8744057,0.7872606,0.7828295,0.7857835,0.8729287,0.7843065,0.7828295,0.7843065,0.7828295,0.7872606,0.7872606,0.7872606,0.7857835,0.7843065,0.7843065,0.8744057,0.8744057,0.7843065,0.7843065,0.7843065,0.7843065,0.7857835,0.7857835,0.7857835,0.7828295,0.7828295,0.7813525,0.7813525,0.8699746,0.7828295,0.7783983,0.8684976,0.8670205,0.7813525,0.7813525,0.7798754,0.7783983,0.7828295,0.7783983,0.8684976,0.7754443,0.7872606,0.8714517,0.7857835,0.8744057,0.8699746,0.7828295,0.7843065,0.7843065,0.7843065,0.7828295,0.7828295,0.8729287,0.7828295,0.7843065,0.7843065,0.7828295,0.7798754,0.7606739,0.7591969,0.7621509,0.763628,0.763628,0.7562428,0.7665821,0.7621509,0.765105,0.763628,0.7621509,0.765105,0.765105,0.765105,0.765105,0.7739673,0.7680591,0.765105,0.765105,0.7680591,0.7695361,0.7724902,0.7695361,0.7695361,0.7710132,0.7754443
0.763628,0.7680591,0.765105,0.763628,0.765105,0.7621509,0.7621509,0.765105,0.7680591,0.7680591,0.765105,0.7591969,0.7665821,0.763628,0.763628,0.7621509,0.7665821,0.765105,0.765105,0.7665821,0.763628,0.765105,0.765105,0.7621509,0.7621509,0.763628,0.765105,0.7621509,0.7621509,0.763628,0.7606739,0.763628,0.7621509,0.765105,0.765105,0.765105,0.765105,0.765105,0.763628,0.7665821,0.763628,0.7621509,0.8507732,0.765105,0.7680591,0.763628,0.8552043,0.765105,0.765105,0.7606739,0.765105,0.7606739,0.765105,0.7591969,0.7739673,0.765105,0.7710132,0.7710132,0.7710132,0.7710132,0.7680591,0.8581583,0.8596354,0.7680591,0.8566813,0.7724902,0.7710132,0.7695361,0.8596354,0.7710132,0.7695361,0.7680591,0.7710132,0.7739673,0.7695361,0.8581583,0.7724902,0.7754443,0.8684976,0.8640665,0.8625895,0.8670205,0.7813525,0.7828295,0.7857835,0.7857835,0.7843065,0.7887376,0.7857835,0.7857835,0.7843065,0.7843065,0.7857835,0.7857835,0.7872606,0.7813525,0.7813525,0.7872606,0.7902147,0.7828295,0.8744057,0.8729287,0.7843065,0.7857835,0.7843065,0.7783983,0.7857835,0.7843065,0.7843065,0.7857835,0.7887376,0.7843065,0.7857835,0.7857835,0.7843065,0.7857835,0.8729287,0.7813525,0.8684976,0.7887376,0.7872606,0.7872606,0.7857835,0.7857835,0.7872606,0.7828295,0.7857835,0.7843065,0.8714517,0.7828295,0.8744057,0.7857835,0.7872606,0.7857835,0.7857835,0.7828295,0.7887376,0.7887376,0.7813525,0.7872606,0.7872606,0.7857835,0.8729287,0.8714517,0.8758828,0.7872606,0.7857835,0.7843065,0.7887376,0.7872606,0.7887376,0.7857835,0.8758828,0.7843065,0.8744057,0.7813525,0.7857835,0.7828295,0.7828295,0.7857835,0.7872606,0.7887376,0.7872606,0.7902147,0.7872606,0.7872606,0.7843065,0.7813525,0.7828295,0.7857835,0.8714517,0.7857835,0.7872606,0.7872606,0.7828295,0.7872606,0.7872606,0.7798754,0.7828295,0.7857835,0.7872606,0.7828295,0.7828295,0.7857835,0.7857835,0.7828295,0.7857835,0.7872606,0.7887376,0.7887376,0.7872606,0.7872606,0.7857835,0.7828295,0.7843065,0.7872606,0.7843065,0.7828295,0.7828295,0.7872606,0.8758828,0.7857835,0.8684976,0.8699746,0.7872606,0.8714517,0.8744057,0.7857835,0.7857835,0.7857835,0.7843065,0.7843065,0.7887376,0.7872606,0.7872606,0.7843065,0.7843065,0.7828295,0.7857835,0.7857835,0.8744057,0.8773598,0.7828295,0.7887376,0.7887376,0.7828295,0.7857835,0.7843065,0.7843065,0.7843065,0.7813525,0.7813525,0.8729287,0.7857835,0.7857835,0.7887376,0.7857835,0.7828295,0.7857835,0.7902147,0.7828295,0.7843065,0.7828295,0.7887376,0.7857835,0.8729287,0.7843065,0.7843065,0.7887376,0.7843065,0.8699746,0.7872606,0.7872606,0.7828295,0.8744057,0.7843065,0.7828295,0.7872606,0.7857835,0.7828295,0.7843065,0.7843065,0.7872606,0.7887376,0.7872606,0.7843065,0.7843065,0.7843065,0.7843065,0.7843065,0.7872606,0.7857835,0.8699746,0.7843065,0.7872606,0.7843065,0.7828295,0.7857835,0.7887376,0.7828295,0.8758828,0.7872606,0.7843065,0.7857835,0.7843065,0.7769213,0.7798754,0.7828295,0.7843065,0.7813525,0.7798754,0.7813525,0.7857835,0.8684976,0.7813525,0.7798754,0.7843065,0.7813525,0.7813525,0.7828295,0.7828295,0.7813525,0.7813525,0.7843065,0.7857835,0.7828295,0.7843065,0.7843065,0.7857835,0.7828295,0.7828295,0.7813525,0.7902147,0.7857835,0.7887376,0.7857835,0.7857835,0.7843065,0.7828295,0.7887376,0.7857835,0.7843065,0.8714517,0.7857835,0.7857835,0.7872606,0.7857835,0.7843065,0.7887376,0.7872606,0.7813525,0.7887376,0.7857835,0.7872606,0.7857835,0.7828295,0.7872606,0.7828295,0.7887376,0.7843065,0.7857835,0.7872606,0.7843065,0.7857835,0.8714517,0.7813525,0.8714517,0.8670205,0.8670205,0.8670205,0.8670205,0.7813525,0.7828295,0.7843065,0.7813525,0.7843065,0.8699746,0.7798754,0.8758828,0.8729287,0.7798754,0.7843065,0.8788369,0.7872606,0.7843065,0.7887376,0.7828295,0.7813525,0.7872606,0.7857835,0.7843065,0.7843065,0.7843065,0.7843065,0.7843065,0.7857835,0.7621509,0.763628,0.7606739,0.7591969,0.7606739,0.7606739,0.7606739,0.763628,0.7621509,0.7606739,0.7606739,0.763628,0.7621509,0.7621509,0.763628,0.7621509,0.7695361,0.765105,0.765105,0.7680591,0.7680591,0.7680591,0.7665821,0.7695361,0.8596354,0.7739673
0.5866666,0.5909333,0.5888,0.5919999,0.6005333,0.5962666,0.5994666,0.6208,0.6197333,0.6229333,0.6186666,0.6186666,0.6186666,0.6218666,0.6218666,0.6208,0.624,0.624,0.6218666,0.6261333,0.6368,0.6357333,0.6368,0.6346666,0.6421333,0.6421333,0.6410667,0.6442667,0.6432,0.6432,0.6421333,0.6442667,0.6432,0.6432,0.64,0.6421333,0.6410667,0.6432,0.6421333,0.6421333,0.6410667,0.6442667,0.6442667,0.6453333,0.6442667,0.6442667,0.6442667,0.6432,0.6432,0.6410667,0.6432,0.64,0.6421333,0.6410667,0.6432,0.64,0.6410667,0.6421333,0.6421333,0.6421333,0.6432,0.6410667,0.6410667,0.6432,0.6421333,0.6432,0.6432,0.6442667,0.64,0.6432,0.6432,0.6421333,0.6421333,0.6421333,0.6421333,0.6410667,0.6410667,0.6410667,0.64,0.6389333,0.6368,0.64,0.6432,0.6432,0.6410667,0.6410667,0.6378666,0.6325333,0.64,0.6389333,0.6410667,0.6357333,0.6378666,0.6389333,0.6389333,0.6346666,0.6346666,0.6346666,0.6314666,0.6357333,0.6368,0.6336,0.6368,0.6357333,0.6314666,0.6389333,0.6357333,0.6336,0.6336,0.6346666,0.6314666,0.6314666,0.6325333,0.6357333,0.6325333,0.6336,0.6336,0.6336,0.6357333,0.6357333,0.6336,0.6314666,0.6304,0.6282666,0.6282666,0.6346666,0.6357333,0.6336,0.6336,0.6421333,0.6410667,0.6368,0.6346666,0.6336,0.6336,0.6304,0.6314666,0.6325333,0.6368,0.6314666,0.6325333,0.6293333,0.6314666,0.6336,0.6282666,0.6282666,0.6293333,0.6282666,0.6282666,0.6282666,0.6293333,0.6282666,0.6282666,0.6304,0.6378666,0.6314666,0.6378666,0.6346666,0.6336,0.6282666,0.6304,0.6293333,0.6293333,0.6325333,0.6314666,0.6293333,0.6293333,0.6282666,0.6314666,0.6261333,0.6282666,0.6271999,0.6293333,0.6293333,0.6346666,0.6271999,0.6293333,0.6293333,0.6314666,0.6293333,0.6304,0.6293333,0.6293333,0.6282666,0.6271999,0.6261333,0.6325333,0.6314666,0.6282666,0.6293333,0.6293333,0.6282666,0.6293333,0.6336,0.6261333,0.6304,0.6271999,0.6271999,0.6261333,0.6282666,0.6282666,0.6282666,0.6250666,0.6271999,0.624,0.6293333,0.6293333,0.6261333,0.624,0.6325333,0.6282666,0.6282666,0.6304,0.6282666,0.6271999,0.6261333,0.6304,0.6336,0.6304,0.6282666,0.6282666,0.6282666,0.6293333,0.6271999,0.6282666,0.6271999,0.6271999,0.6271999,0.6261333,0.6271999,0.6282666,0.6271999,0.6271999,0.6304,0.6293333,0.6271999,0.6282666,0.6271999,0.6271999,0.6271999,0.6261333,0.6250666,0.6271999,0.6293333,0.6271999,0.6282666,0.6271999,0.6271999,0.6293333,0.6271999,0.6271999,0.6271999,0.6271999,0.6261333,0.6261333,0.6261333,0.6282666,0.6261333,0.6271999,0.6314666,0.6314666,0.6282666,0.6282666,0.6271999,0.6261333,0.6261333,0.6282666,0.6357333,0.6293333,0.6282666,0.6304,0.6304,0.6271999,0.6282666,0.6261333,0.6282666,0.6282666,0.6293333,0.6271999,0.6325333,0.6368,0.6421333,0.6453333,0.6496,0.6538666,0.6549333,0.6528,0.6677333,0.6666666,0.6666666,0.6602666,0.6485333,0.6645333,0.6645333,0.6506667,0.6517333,0.6485333,0.6528,0.6645333,0.6613333,0.6623999,0.6581333,0.6506667,0.6485333,0.6517333,0.6538666,0.6506667,0.6517333,0.6528,0.6538666,0.6506667,0.6496,0.6496,0.6474667,0.6474667,0.6485333,0.6474667,0.6464,0.6432,0.6421333,0.6453333,0.6421333,0.6432,0.6421333,0.6410667,0.6389333,0.64,0.6389333,0.6378666,0.6325333,0.6271999,0.6325333,0.6282666,0.6336,0.6293333,0.6346666,0.6325333,0.6368,0.6346666,0.6346666,0.6346666,0.6410667,0.64,0.6346666,0.6357333,0.6357333,0.6368,0.6389333,0.6389333,0.6378666,0.6378666,0.6378666,0.6346666,0.6357333,0.6389333,0.6368,0.64,0.6346666,0.6346666,0.6346666,0.6336,0.6346666,0.6346666,0.6357333,0.6336,0.6314666,0.6304,0.6314666,0.6314666,0.6357333,0.6325333,0.6357333,0.6336,0.6346666,0.6325333,0.6271999,0.6176,0.6154667,0.6165333,0.6133333,0.6133333,0.6154667,0.6048,0.5930666,0.5930666,0.5909333,0.5930666,0.5919999,0.5898666,0.5930666,0.5930666,0.5909333,0.5930666,0.5919999,0.5919999,0.5909333,0.5919999,0.5919999,0.5952,0.5919999,0.5898666,0.5919999
0.5888,0.5898666,0.5941333,0.6005333,0.6048,0.5994666,0.6090667,0.6271999,0.6261333,0.6271999,0.624,0.624,0.6261333,0.6293333,0.6314666,0.6271999,0.6304,0.6282666,0.6304,0.6293333,0.6410667,0.6389333,0.6432,0.6464,0.6464,0.6464,0.6485333,0.6453333,0.6464,0.6485333,0.6485333,0.6464,0.6485333,0.6485333,0.6464,0.6453333,0.6485333,0.6464,0.6464,0.6474667,0.6453333,0.6496,0.6506667,0.6485333,0.6485333,0.6474667,0.6442667,0.6474667,0.6506667,0.6464,0.6474667,0.6453333,0.6453333,0.6464,0.6464,0.6432,0.6496,0.6453333,0.6485333,0.6464,0.6474667,0.6464,0.6432,0.6474667,0.6496,0.6485333,0.6474667,0.6464,0.6453333,0.6474667,0.6464,0.6464,0.6496,0.6421333,0.6464,0.6464,0.6432,0.6442667,0.6442667,0.6421333,0.6421333,0.6432,0.6464,0.6453333,0.6485333,0.6453333,0.6421333,0.6442667,0.6442667,0.6442667,0.6432,0.6410667,0.6432,0.6442667,0.6410667,0.6410667,0.6378666,0.6389333,0.6368,0.64,0.6357333,0.6378666,0.6389333,0.6421333,0.6410667,0.6389333,0.6389333,0.6378666,0.6368,0.6389333,0.6357333,0.6368,0.64,0.64,0.6368,0.6410667,0.6378666,0.6410667,0.6410667,0.64,0.6378666,0.6368,0.6357333,0.6325333,0.6346666,0.6389333,0.6368,0.6389333,0.6378666,0.6464,0.6464,0.6357333,0.6368,0.6357333,0.6378666,0.6378666,0.6389333,0.6357333,0.6410667,0.6357333,0.6357333,0.6336,0.6378666,0.6378666,0.6325333,0.6325333,0.6346666,0.6314666,0.6336,0.6314666,0.6325333,0.6325333,0.6325333,0.6357333,0.64,0.6336,0.6410667,0.6389333,0.6368,0.6325333,0.6336,0.6325333,0.6325333,0.6368,0.6357333,0.6336,0.6336,0.6304,0.6357333,0.6314666,0.6325333,0.6314666,0.6325333,0.6314666,0.64,0.6325333,0.6325333,0.6336,0.6357333,0.6336,0.6336,0.6336,0.6346666,0.6325333,0.6314666,0.6325333,0.6368,0.6357333,0.6357333,0.6325333,0.6325333,0.6325333,0.6314666,0.6357333,0.6346666,0.6325333,0.6314666,0.6304,0.6314666,0.6314666,0.6325333,0.6325333,0.6304,0.6325333,0.6325333,0.6304,0.6314666,0.6325333,0.6325333,0.6314666,0.6314666,0.6336,0.6336,0.6314666,0.6314666,0.6304,0.6368,0.6389333,0.6325333,0.6336,0.6336,0.6304,0.6325333,0.6314666,0.6325333,0.6293333,0.6314666,0.6314666,0.6314666,0.6314666,0.6314666,0.6314666,0.6357333,0.6325333,0.6346666,0.6325333,0.6325333,0.6336,0.6325333,0.6325333,0.6336,0.6336,0.6304,0.6357333,0.6325333,0.6314666,0.6325333,0.6304,0.6325333,0.6293333,0.6325333,0.6314666,0.6325333,0.6325333,0.6314666,0.6325333,0.6314666,0.6314666,0.6314666,0.6346666,0.6346666,0.6314666,0.6325333,0.6325333,0.6314666,0.6304,0.6336,0.6389333,0.6336,0.6336,0.6336,0.6325333,0.6314666,0.6314666,0.6325333,0.6314666,0.6314666,0.6304,0.6325333,0.6421333,0.6410667,0.6474667,0.6517333,0.6581333,0.656,0.6570666,0.6538666,0.6698666,0.6709333,0.6698666,0.6634666,0.656,0.6677333,0.6698666,0.6570666,0.6538666,0.6517333,0.6570666,0.6698666,0.6666666,0.6645333,0.6613333,0.6528,0.6538666,0.6570666,0.6570666,0.6549333,0.6528,0.6570666,0.6570666,0.6538666,0.6517333,0.6538666,0.6517333,0.6538666,0.6506667,0.6496,0.6538666,0.6496,0.6485333,0.6464,0.6464,0.6474667,0.6453333,0.6453333,0.6442667,0.6442667,0.6410667,0.6389333,0.6336,0.6325333,0.6368,0.6325333,0.6346666,0.6378666,0.6378666,0.6357333,0.64,0.6378666,0.6357333,0.6378666,0.6432,0.6432,0.6389333,0.6421333,0.6389333,0.6410667,0.6432,0.64,0.64,0.6432,0.6421333,0.6378666,0.64,0.6410667,0.6432,0.6410667,0.6389333,0.6368,0.6378666,0.6378666,0.6389333,0.6389333,0.6378666,0.6389333,0.6368,0.6346666,0.6357333,0.6389333,0.6368,0.6378666,0.6368,0.6368,0.6378666,0.6368,0.6314666,0.6208,0.6186666,0.6186666,0.6186666,0.6197333,0.6197333,0.6112,0.5984,0.5984,0.5952,0.5962666,0.5952,0.5962666,0.5952,0.5952,0.5952,0.5952,0.5952,0.5973333,0.5952,0.5973333,0.5941333,0.5984,0.5941333,0.5952,0.5919999
0.5877333,0.5877333,0.5877333,0.5952,0.5994666,0.5952,0.6186666,0.6250666,0.6218666,0.6229333,0.6186666,0.6186666,0.6218666,0.6229333,0.6218666,0.6229333,0.6250666,0.624,0.6250666,0.6250666,0.6346666,0.6357333,0.6368,0.6421333,0.6453333,0.6410667,0.6421333,0.6432,0.6410667,0.6432,0.6442667,0.6453333,0.6432,0.6442667,0.6410667,0.6421333,0.6421333,0.6421333,0.6410667,0.6410667,0.6410667,0.6442667,0.6432,0.6432,0.6442667,0.6442667,0.6432,0.6432,0.6453333,0.64,0.6410667,0.6410667,0.6421333,0.64,0.6410667,0.64,0.6410667,0.64,0.6432,0.6432,0.6432,0.6442667,0.6421333,0.6453333,0.6421333,0.6432,0.6421333,0.6421333,0.6421333,0.6432,0.6421333,0.6442667,0.6432,0.6421333,0.6421333,0.6410667,0.6389333,0.64,0.6410667,0.6389333,0.6378666,0.6378666,0.6410667,0.6421333,0.6442667,0.6410667,0.6368,0.6389333,0.64,0.6410667,0.6378666,0.6368,0.6389333,0.6410667,0.6368,0.6346666,0.6336,0.6314666,0.6346666,0.6357333,0.6336,0.6304,0.6357333,0.6336,0.6368,0.6346666,0.6357333,0.6314666,0.6336,0.6357333,0.6336,0.6346666,0.6378666,0.6346666,0.6325333,0.6357333,0.6336,0.6357333,0.6357333,0.6389333,0.6336,0.6325333,0.6304,0.6282666,0.6304,0.64,0.6336,0.6336,0.6325333,0.6432,0.6389333,0.6336,0.6346666,0.6314666,0.6336,0.6325333,0.6325333,0.6314666,0.6368,0.6325333,0.6336,0.6282666,0.6325333,0.6336,0.6271999,0.6282666,0.6293333,0.6304,0.6261333,0.6282666,0.6282666,0.6293333,0.6282666,0.6325333,0.6378666,0.6325333,0.6378666,0.6346666,0.6314666,0.6282666,0.6304,0.6293333,0.6271999,0.6336,0.6314666,0.6282666,0.6282666,0.6282666,0.6314666,0.6271999,0.6261333,0.6282666,0.6293333,0.6293333,0.6346666,0.6293333,0.6282666,0.6346666,0.6346666,0.6293333,0.6293333,0.6282666,0.6293333,0.6282666,0.6282666,0.6293333,0.6325333,0.6314666,0.6293333,0.6282666,0.6282666,0.6293333,0.6271999,0.6336,0.6282666,0.6293333,0.6304,0.6282666,0.6271999,0.6282666,0.6271999,0.6293333,0.6271999,0.6282666,0.6271999,0.6282666,0.6271999,0.6271999,0.6271999,0.6325333,0.6314666,0.6293333,0.6271999,0.6293333,0.6293333,0.6293333,0.6293333,0.6336,0.6293333,0.6271999,0.6271999,0.6282666,0.6271999,0.6261333,0.6282666,0.6282666,0.6293333,0.6293333,0.6282666,0.6261333,0.6261333,0.6271999,0.6314666,0.6304,0.6282666,0.6293333,0.6304,0.6282666,0.6261333,0.6293333,0.6271999,0.6282666,0.6282666,0.6304,0.6261333,0.6271999,0.6271999,0.6282666,0.6261333,0.6261333,0.6282666,0.6282666,0.6271999,0.6282666,0.6282666,0.6282666,0.6282666,0.6271999,0.6271999,0.6314666,0.6293333,0.6271999,0.6293333,0.6271999,0.6282666,0.6282666,0.6293333,0.6357333,0.6304,0.6271999,0.6293333,0.6282666,0.6271999,0.6282666,0.6271999,0.6304,0.6282666,0.6282666,0.6282666,0.6389333,0.6421333,0.6432,0.6464,0.6517333,0.6528,0.6549333,0.6485333,0.6645333,0.6656,0.6666666,0.6570666,0.6485333,0.6677333,0.6623999,0.6517333,0.6506667,0.6485333,0.6549333,0.6645333,0.6634666,0.6613333,0.6592,0.6464,0.6485333,0.6517333,0.6506667,0.6506667,0.6485333,0.6517333,0.6506667,0.6485333,0.6496,0.6506667,0.6496,0.6496,0.6464,0.6474667,0.6464,0.6432,0.6432,0.6432,0.6453333,0.6432,0.6442667,0.6432,0.64,0.6389333,0.6389333,0.6378666,0.6282666,0.6271999,0.6314666,0.6271999,0.6293333,0.6346666,0.6325333,0.6325333,0.6357333,0.6336,0.6336,0.6368,0.64,0.6410667,0.6357333,0.6368,0.6346666,0.6378666,0.6389333,0.6368,0.6357333,0.6378666,0.6389333,0.6346666,0.6357333,0.6368,0.6378666,0.6389333,0.6346666,0.6346666,0.6325333,0.6346666,0.6336,0.6336,0.6336,0.6336,0.6336,0.6304,0.6293333,0.6304,0.6336,0.6325333,0.6325333,0.6368,0.6336,0.6229333,0.6261333,0.6144,0.6165333,0.6154667,0.6154667,0.6144,0.6144,0.6026666,0.5941333,0.5909333,0.5930666,0.5898666,0.5909333,0.5909333,0.5919999,0.5909333,0.5930666,0.5919999,0.5919999,0.5909333,0.5919999,0.5919999,0.5930666,0.5941333,0.5909333,0.5909333,0.5919999
0.5909333,0.5919999,0.5909333,0.5994666,0.6026666,0.6005333,0.6208,0.6271999,0.6282666,0.6271999,0.6218666,0.6229333,0.6250666,0.6261333,0.6271999,0.6293333,0.6282666,0.6293333,0.6282666,0.6293333,0.64,0.6389333,0.6410667,0.6453333,0.6442667,0.6442667,0.6464,0.6453333,0.6453333,0.6464,0.6464,0.6474667,0.6474667,0.6442667,0.6464,0.6453333,0.6453333,0.6453333,0.6453333,0.6442667,0.6474667,0.6496,0.6464,0.6464,0.6464,0.6474667,0.6453333,0.6485333,0.6474667,0.6453333,0.6453333,0.6453333,0.6453333,0.6464,0.6453333,0.6421333,0.6464,0.6453333,0.6464,0.6453333,0.6464,0.6464,0.6453333,0.6453333,0.6464,0.6464,0.6474667,0.6464,0.6474667,0.6453333,0.6453333,0.6453333,0.6453333,0.6432,0.6474667,0.6453333,0.6442667,0.6442667,0.6453333,0.64,0.6389333,0.6421333,0.6464,0.6453333,0.6464,0.6453333,0.6410667,0.6421333,0.6442667,0.6442667,0.6442667,0.6442667,0.6432,0.6432,0.6410667,0.6410667,0.6389333,0.6378666,0.6389333,0.6389333,0.6378666,0.6378666,0.64,0.6389333,0.6410667,0.64,0.6378666,0.6346666,0.64,0.6389333,0.6368,0.6368,0.6389333,0.6378666,0.6378666,0.6389333,0.6357333,0.6421333,0.6378666,0.6421333,0.6357333,0.6336,0.6336,0.6325333,0.6346666,0.6410667,0.6378666,0.6378666,0.6357333,0.6464,0.6464,0.6368,0.6378666,0.6357333,0.6378666,0.6389333,0.6346666,0.6357333,0.64,0.6378666,0.6357333,0.6336,0.6378666,0.6368,0.6314666,0.6346666,0.6336,0.6325333,0.6304,0.6314666,0.6336,0.6325333,0.6325333,0.6346666,0.64,0.6357333,0.6410667,0.64,0.6336,0.6325333,0.6336,0.6336,0.6314666,0.6368,0.6368,0.6336,0.6314666,0.6325333,0.6346666,0.6325333,0.6336,0.6314666,0.6325333,0.6336,0.6378666,0.6325333,0.6314666,0.6378666,0.6357333,0.6336,0.6314666,0.6346666,0.6314666,0.6325333,0.6336,0.6336,0.6357333,0.6336,0.6336,0.6336,0.6346666,0.6336,0.6368,0.6368,0.6325333,0.6325333,0.6325333,0.6304,0.6325333,0.6314666,0.6304,0.6314666,0.6293333,0.6304,0.6314666,0.6325333,0.6314666,0.6314666,0.6304,0.6357333,0.6357333,0.6325333,0.6336,0.6325333,0.6314666,0.6325333,0.6346666,0.6368,0.6314666,0.6325333,0.6336,0.6325333,0.6314666,0.6314666,0.6336,0.6304,0.6314666,0.6325333,0.6325333,0.6325333,0.6325333,0.6314666,0.6336,0.6346666,0.6336,0.6346666,0.6336,0.6336,0.6304,0.6314666,0.6314666,0.6314666,0.6314666,0.6346666,0.6325333,0.6314666,0.6304,0.6325333,0.6314666,0.6314666,0.6314666,0.6325333,0.6325333,0.6325333,0.6314666,0.6314666,0.6325333,0.6325333,0.6314666,0.6357333,0.6346666,0.6325333,0.6336,0.6325333,0.6314666,0.6346666,0.6314666,0.64,0.6336,0.6336,0.6336,0.6314666,0.6325333,0.6304,0.6336,0.6325333,0.6336,0.6314666,0.6336,0.6421333,0.6453333,0.6464,0.6517333,0.656,0.6549333,0.6623999,0.656,0.6688,0.6677333,0.6666666,0.6613333,0.6538666,0.6730666,0.6677333,0.656,0.6549333,0.6528,0.6602666,0.6698666,0.6698666,0.6666666,0.6613333,0.6517333,0.6549333,0.656,0.656,0.6517333,0.6549333,0.656,0.656,0.6538666,0.656,0.6538666,0.6538666,0.6528,0.6528,0.6517333,0.6464,0.6474667,0.6432,0.6453333,0.6485333,0.6506667,0.6464,0.6432,0.6421333,0.6442667,0.6378666,0.6421333,0.6314666,0.6304,0.6368,0.6357333,0.6346666,0.6378666,0.6378666,0.6378666,0.6421333,0.6378666,0.6357333,0.6410667,0.6442667,0.6442667,0.64,0.64,0.6389333,0.64,0.6410667,0.6421333,0.6421333,0.6410667,0.64,0.6421333,0.6410667,0.6421333,0.6421333,0.6421333,0.6389333,0.6368,0.6368,0.64,0.6378666,0.6357333,0.6389333,0.6357333,0.6368,0.6368,0.6346666,0.6336,0.6368,0.6378666,0.6357333,0.6378666,0.6368,0.6293333,0.6304,0.6197333,0.6197333,0.6197333,0.6208,0.6176,0.6208,0.608,0.5973333,0.5952,0.5973333,0.5930666,0.5941333,0.5962666,0.5952,0.5930666,0.5952,0.5952,0.5962666,0.5952,0.5941333,0.5952,0.5962666,0.5941333,0.5962666,0.5930666,0.5941333
0.6005333,0.6005333,0.6016,0.6112,0.6122667,0.6122667,0.6293333,0.6357333,0.6368,0.6368,0.6336,0.6357333,0.6336,0.6357333,0.6346666,0.6368,0.6378666,0.6378666,0.6357333,0.6485333,0.6506667,0.6485333,0.6496,0.656,0.656,0.656,0.656,0.6549333,0.656,0.6549333,0.6570666,0.656,0.656,0.6570666,0.6528,0.6581333,0.6549333,0.656,0.6549333,0.6549333,0.6592,0.6570666,0.6592,0.6581333,0.6602666,0.6570666,0.6570666,0.6581333,0.6570666,0.656,0.6570666,0.6570666,0.6549333,0.6549333,0.6549333,0.6528,0.656,0.6549333,0.6581333,0.6581333,0.6570666,0.656,0.6549333,0.6570666,0.6570666,0.6581333,0.656,0.6581333,0.6528,0.6570666,0.656,0.6570666,0.6549333,0.6549333,0.656,0.6549333,0.6538666,0.6538666,0.6528,0.6528,0.6496,0.6528,0.6549333,0.656,0.6538666,0.6570666,0.6506667,0.6517333,0.6549333,0.6538666,0.6538666,0.6549333,0.6496,0.6549333,0.6506667,0.6474667,0.6485333,0.6485333,0.6485333,0.6517333,0.6464,0.6506667,0.6464,0.6485333,0.6496,0.6485333,0.6506667,0.6474667,0.6485333,0.6496,0.6485333,0.6474667,0.6517333,0.6506667,0.6464,0.6496,0.6474667,0.6549333,0.6506667,0.6506667,0.6442667,0.6464,0.6432,0.64,0.6432,0.6528,0.6464,0.6464,0.6474667,0.6549333,0.656,0.6453333,0.6453333,0.6485333,0.6485333,0.6474667,0.6453333,0.6453333,0.6506667,0.6453333,0.6421333,0.6432,0.6464,0.6464,0.6421333,0.6442667,0.6432,0.6421333,0.6410667,0.6410667,0.64,0.6421333,0.6410667,0.6453333,0.6517333,0.6442667,0.6506667,0.6506667,0.6442667,0.6432,0.64,0.6410667,0.6421333,0.6485333,0.6432,0.6442667,0.6410667,0.6432,0.6442667,0.6410667,0.6421333,0.6410667,0.6389333,0.6421333,0.6474667,0.64,0.64,0.6485333,0.6464,0.6410667,0.6389333,0.6432,0.64,0.64,0.6389333,0.64,0.6453333,0.6474667,0.64,0.6410667,0.6410667,0.6421333,0.6453333,0.6453333,0.64,0.6410667,0.64,0.6410667,0.64,0.6378666,0.6378666,0.6410667,0.6389333,0.6410667,0.64,0.6410667,0.6389333,0.6410667,0.6442667,0.6432,0.6432,0.6421333,0.64,0.6410667,0.64,0.6410667,0.6442667,0.6485333,0.6410667,0.64,0.6432,0.6421333,0.6410667,0.6410667,0.64,0.64,0.6389333,0.6410667,0.64,0.6410667,0.64,0.6410667,0.6410667,0.6432,0.6421333,0.6410667,0.64,0.6410667,0.6389333,0.6421333,0.6421333,0.6410667,0.64,0.6432,0.64,0.64,0.6432,0.64,0.6378666,0.64,0.6389333,0.6432,0.6389333,0.6410667,0.64,0.6410667,0.64,0.64,0.6389333,0.6453333,0.6410667,0.6410667,0.64,0.6421333,0.6421333,0.6410667,0.6432,0.6485333,0.64,0.6410667,0.6432,0.6410667,0.64,0.6410667,0.6378666,0.6442667,0.6410667,0.6421333,0.6410667,0.6506667,0.6549333,0.6592,0.6613333,0.6677333,0.6688,0.6666666,0.6677333,0.6826667,0.6773333,0.6773333,0.6698666,0.6677333,0.6826667,0.6752,0.6645333,0.6623999,0.6613333,0.6730666,0.6762666,0.6784,0.6752,0.6709333,0.6645333,0.6645333,0.6656,0.6666666,0.6656,0.6666666,0.6656,0.6666666,0.6634666,0.6645333,0.6634666,0.6623999,0.6623999,0.6592,0.6634666,0.6570666,0.6581333,0.6549333,0.6570666,0.6570666,0.656,0.6570666,0.6517333,0.6538666,0.6517333,0.6496,0.6474667,0.6389333,0.6389333,0.6453333,0.6453333,0.6432,0.6453333,0.6453333,0.6485333,0.6496,0.6474667,0.6453333,0.6496,0.6528,0.6538666,0.6506667,0.6496,0.6496,0.6517333,0.6549333,0.6485333,0.6517333,0.6506667,0.6496,0.6474667,0.6517333,0.6506667,0.6528,0.6528,0.6464,0.6464,0.6474667,0.6474667,0.6485333,0.6464,0.6485333,0.6464,0.6442667,0.6432,0.6442667,0.6442667,0.6464,0.6453333,0.6464,0.6464,0.6464,0.64,0.64,0.6282666,0.6261333,0.6293333,0.6282666,0.6261333,0.6271999,0.6165333,0.6058667,0.6048,0.6037333,0.6048,0.6037333,0.6058667,0.6048,0.6037333,0.6058667,0.6058667,0.6037333,0.6058667,0.6058667,0.6037333,0.6058667,0.6069333,0.6048,0.6026666,0.6026666
0.5909333,0.5930666,0.5919999,0.6026666,0.6037333,0.6048,0.6229333,0.6293333,0.6304,0.6271999,0.6271999,0.6261333,0.6293333,0.6229333,0.6271999,0.6293333,0.6293333,0.6304,0.6314666,0.6389333,0.6389333,0.6421333,0.6421333,0.6464,0.6474667,0.6442667,0.6474667,0.6464,0.6474667,0.6464,0.6474667,0.6453333,0.6464,0.6474667,0.6474667,0.6464,0.6464,0.6464,0.6464,0.6453333,0.6496,0.6474667,0.6485333,0.6485333,0.6496,0.6485333,0.6474667,0.6496,0.6474667,0.6464,0.6453333,0.6464,0.6453333,0.6442667,0.6464,0.6442667,0.6474667,0.6485333,0.6464,0.6464,0.6485333,0.6464,0.6453333,0.6453333,0.6474667,0.6485333,0.6464,0.6432,0.6453333,0.6453333,0.6474667,0.6453333,0.6474667,0.6453333,0.6453333,0.6453333,0.6453333,0.6474667,0.6464,0.64,0.6442667,0.6453333,0.6464,0.6442667,0.6453333,0.6453333,0.6410667,0.6432,0.6453333,0.6442667,0.6421333,0.6442667,0.6410667,0.6432,0.6410667,0.6389333,0.6389333,0.6389333,0.6410667,0.6410667,0.6389333,0.6410667,0.64,0.6421333,0.64,0.6368,0.64,0.6389333,0.6389333,0.64,0.6368,0.6389333,0.6378666,0.6389333,0.64,0.64,0.6368,0.6442667,0.64,0.6421333,0.6368,0.64,0.6378666,0.6325333,0.6378666,0.6410667,0.6378666,0.6378666,0.6464,0.6453333,0.6442667,0.6378666,0.6368,0.6368,0.6389333,0.6357333,0.6357333,0.6357333,0.6410667,0.6368,0.6357333,0.6346666,0.6378666,0.6357333,0.6325333,0.6336,0.6336,0.6346666,0.6325333,0.6336,0.6336,0.6325333,0.6325333,0.6336,0.64,0.6442667,0.64,0.6378666,0.6336,0.6314666,0.6346666,0.6346666,0.6304,0.6368,0.6357333,0.6336,0.6314666,0.6346666,0.6336,0.6325333,0.6336,0.6325333,0.6304,0.6336,0.6389333,0.6336,0.6325333,0.6378666,0.6378666,0.6346666,0.6357333,0.6336,0.6325333,0.6314666,0.6325333,0.6314666,0.6357333,0.6346666,0.6336,0.6325333,0.6314666,0.6325333,0.6378666,0.6357333,0.6325333,0.6314666,0.6336,0.6314666,0.6336,0.6304,0.6314666,0.6314666,0.6314666,0.6293333,0.6325333,0.6336,0.6314666,0.6314666,0.6357333,0.6336,0.6357333,0.6314666,0.6325333,0.6314666,0.6336,0.6314666,0.6357333,0.6389333,0.6325333,0.6336,0.6336,0.6314666,0.6325333,0.6336,0.6304,0.6325333,0.6325333,0.6314666,0.6314666,0.6325333,0.6304,0.6314666,0.6346666,0.6336,0.6314666,0.6325333,0.6336,0.6336,0.6314666,0.6325333,0.6325333,0.6293333,0.6304,0.6325333,0.6325333,0.6325333,0.6325333,0.6304,0.6314666,0.6314666,0.6336,0.6336,0.6325333,0.6314666,0.6325333,0.6325333,0.6336,0.6314666,0.6304,0.6357333,0.6336,0.6346666,0.6346666,0.6336,0.6325333,0.6325333,0.6368,0.64,0.6336,0.6325333,0.6336,0.6325333,0.6336,0.6325333,0.6325333,0.6325333,0.6314666,0.6314666,0.6336,0.6421333,0.6474667,0.6485333,0.6549333,0.6592,0.6570666,0.6581333,0.6581333,0.6709333,0.6688,0.6677333,0.6623999,0.6656,0.6741333,0.6656,0.6549333,0.6538666,0.6517333,0.6623999,0.6677333,0.6688,0.6666666,0.6634666,0.6549333,0.6570666,0.6592,0.6570666,0.6549333,0.6549333,0.656,0.6570666,0.6549333,0.6538666,0.6517333,0.6528,0.6538666,0.6506667,0.6528,0.6474667,0.6496,0.6474667,0.6442667,0.6474667,0.6453333,0.6453333,0.6421333,0.6442667,0.6442667,0.6432,0.6410667,0.6314666,0.6325333,0.6368,0.64,0.6336,0.6357333,0.6378666,0.6389333,0.64,0.6389333,0.6378666,0.6410667,0.6442667,0.6410667,0.6410667,0.64,0.6410667,0.6410667,0.6432,0.6421333,0.6410667,0.6410667,0.6421333,0.6421333,0.6421333,0.6432,0.6453333,0.6442667,0.64,0.6368,0.6378666,0.6368,0.64,0.64,0.6378666,0.6378666,0.6378666,0.6325333,0.6357333,0.6346666,0.6378666,0.6378666,0.6368,0.6368,0.6368,0.6304,0.6304,0.6197333,0.6197333,0.6208,0.6218666,0.6208,0.6176,0.6090667,0.5973333,0.5984,0.5962666,0.5952,0.5962666,0.5962666,0.5973333,0.5962666,0.5962666,0.5962666,0.5941333,0.5984,0.5952,0.5973333,0.5941333,0.5973333,0.5962666,0.5941333,0.5952
0.5856,0.5866666,0.5888,0.5973333,0.5984,0.5973333,0.6176,0.6218666,0.6229333,0.6208,0.6218666,0.6208,0.6229333,0.6208,0.6229333,0.6229333,0.624,0.6218666,0.6261333,0.6346666,0.6368,0.6346666,0.6378666,0.6410667,0.6432,0.64,0.6421333,0.6432,0.6421333,0.6421333,0.6453333,0.6421333,0.6453333,0.64,0.6421333,0.64,0.6410667,0.6410667,0.6421333,0.6410667,0.6442667,0.6432,0.6442667,0.6432,0.6421333,0.6432,0.6421333,0.6410667,0.6453333,0.6410667,0.6410667,0.6421333,0.6432,0.6389333,0.64,0.6421333,0.6410667,0.6432,0.6432,0.6410667,0.6421333,0.64,0.64,0.6410667,0.6432,0.6410667,0.6421333,0.6410667,0.6432,0.6432,0.6421333,0.6410667,0.6432,0.6410667,0.64,0.64,0.64,0.6378666,0.6410667,0.6357333,0.6421333,0.6389333,0.6410667,0.64,0.6410667,0.6389333,0.6357333,0.6357333,0.64,0.64,0.6357333,0.6378666,0.64,0.6378666,0.6368,0.6325333,0.6346666,0.6325333,0.6368,0.6336,0.6336,0.6346666,0.6336,0.6357333,0.6325333,0.6325333,0.6336,0.6346666,0.6368,0.6325333,0.6293333,0.6282666,0.6304,0.6325333,0.6325333,0.6346666,0.6314666,0.64,0.6357333,0.6314666,0.6336,0.6314666,0.6336,0.6250666,0.6325333,0.6368,0.6325333,0.6346666,0.6410667,0.64,0.6421333,0.6314666,0.6336,0.6314666,0.6325333,0.6314666,0.6304,0.6314666,0.6357333,0.6325333,0.6293333,0.6314666,0.6336,0.6314666,0.6282666,0.6282666,0.6282666,0.6282666,0.6293333,0.6261333,0.6271999,0.6261333,0.6261333,0.6293333,0.6314666,0.6368,0.6368,0.6346666,0.6282666,0.6271999,0.6293333,0.6271999,0.6282666,0.6336,0.6325333,0.6282666,0.6271999,0.6304,0.6282666,0.6261333,0.6271999,0.6261333,0.6261333,0.6282666,0.6336,0.6261333,0.6282666,0.6325333,0.6336,0.6271999,0.6282666,0.6282666,0.6250666,0.6271999,0.6282666,0.6271999,0.6293333,0.6314666,0.6282666,0.6282666,0.6293333,0.624,0.6336,0.6282666,0.6271999,0.6271999,0.6293333,0.6250666,0.6271999,0.6250666,0.6282666,0.6250666,0.6271999,0.6250666,0.6261333,0.6282666,0.6271999,0.6271999,0.6314666,0.6261333,0.6304,0.6261333,0.6271999,0.6271999,0.6261333,0.6261333,0.6357333,0.6282666,0.6282666,0.6282666,0.6271999,0.6250666,0.6271999,0.6229333,0.6261333,0.6271999,0.6250666,0.6271999,0.6261333,0.6250666,0.6282666,0.624,0.6282666,0.6293333,0.6282666,0.6271999,0.6293333,0.6271999,0.6271999,0.6271999,0.6271999,0.6261333,0.6271999,0.6293333,0.6271999,0.6261333,0.6282666,0.6250666,0.6271999,0.624,0.6261333,0.6261333,0.6282666,0.6261333,0.6282666,0.6250666,0.6261333,0.6250666,0.6282666,0.6293333,0.6261333,0.6282666,0.6271999,0.6282666,0.6271999,0.6271999,0.6325333,0.6325333,0.6293333,0.6271999,0.6293333,0.6271999,0.6250666,0.6271999,0.6271999,0.6271999,0.6282666,0.6261333,0.6271999,0.6378666,0.6421333,0.6410667,0.6496,0.6538666,0.6549333,0.6496,0.6570666,0.6656,0.6656,0.6623999,0.656,0.6592,0.6656,0.6570666,0.6485333,0.6474667,0.6474667,0.6581333,0.6656,0.6645333,0.6613333,0.6570666,0.6506667,0.6496,0.6528,0.6496,0.6506667,0.6528,0.6517333,0.6517333,0.6506667,0.6506667,0.6474667,0.6485333,0.6474667,0.6474667,0.6464,0.6432,0.6432,0.6421333,0.6410667,0.64,0.6421333,0.6410667,0.6378666,0.6389333,0.6368,0.6346666,0.6336,0.624,0.6293333,0.6293333,0.6325333,0.6293333,0.6325333,0.6304,0.6357333,0.6346666,0.6357333,0.6293333,0.6378666,0.6389333,0.6368,0.6346666,0.6378666,0.6357333,0.6346666,0.6368,0.6368,0.6357333,0.6336,0.6357333,0.6357333,0.6389333,0.6389333,0.6389333,0.6346666,0.6304,0.6346666,0.6325333,0.6336,0.6325333,0.6336,0.6314666,0.6336,0.6314666,0.6325333,0.6314666,0.6314666,0.6325333,0.6336,0.6304,0.6336,0.6314666,0.6271999,0.6261333,0.6144,0.6133333,0.6154667,0.6144,0.6144,0.608,0.5930666,0.5930666,0.5909333,0.5909333,0.5909333,0.5898666,0.5888,0.5888,0.5919999,0.5898666,0.5909333,0.5909333,0.5909333,0.5919999,0.5919999,0.5919999,0.5909333,0.5888,0.5909333,0.5877333
0.5930666,0.5919999,0.5919999,0.6037333,0.6037333,0.6048,0.6208,0.6282666,0.6271999,0.6261333,0.6250666,0.6261333,0.6261333,0.6250666,0.6271999,0.6293333,0.6282666,0.6293333,0.6271999,0.6410667,0.64,0.6389333,0.6410667,0.6453333,0.6474667,0.6464,0.6453333,0.6485333,0.6464,0.6464,0.6474667,0.6474667,0.6464,0.6453333,0.6453333,0.6464,0.6464,0.6464,0.6464,0.6474667,0.6474667,0.6485333,0.6474667,0.6464,0.6474667,0.6496,0.6464,0.6474667,0.6485333,0.6453333,0.6432,0.6464,0.6432,0.6432,0.6442667,0.6474667,0.6474667,0.6496,0.6485333,0.6474667,0.6464,0.6474667,0.6453333,0.6474667,0.6453333,0.6453333,0.6485333,0.6442667,0.6474667,0.6474667,0.6496,0.6474667,0.6474667,0.6453333,0.6464,0.6453333,0.6464,0.6464,0.6421333,0.6432,0.6453333,0.6432,0.6442667,0.6453333,0.6464,0.6432,0.6421333,0.6453333,0.6442667,0.6442667,0.6410667,0.6421333,0.6432,0.6432,0.6389333,0.6378666,0.64,0.6368,0.64,0.6378666,0.64,0.64,0.64,0.6410667,0.6368,0.6389333,0.64,0.64,0.6389333,0.6346666,0.6325333,0.6346666,0.6357333,0.6368,0.6368,0.6336,0.6368,0.6442667,0.6378666,0.6389333,0.6368,0.6368,0.6325333,0.6336,0.6389333,0.6410667,0.6421333,0.6378666,0.6464,0.6442667,0.6432,0.6357333,0.6378666,0.6357333,0.6368,0.6357333,0.6346666,0.6357333,0.64,0.6368,0.6336,0.6346666,0.6368,0.6357333,0.6336,0.6336,0.6346666,0.6325333,0.6325333,0.6325333,0.6314666,0.6336,0.6325333,0.6346666,0.6357333,0.6421333,0.64,0.6389333,0.6325333,0.6336,0.6325333,0.6336,0.6336,0.6368,0.6346666,0.6346666,0.6336,0.6346666,0.6314666,0.6325333,0.6325333,0.6336,0.6314666,0.6336,0.6368,0.6357333,0.6336,0.6389333,0.6357333,0.6325333,0.6346666,0.6325333,0.6314666,0.6325333,0.6336,0.6346666,0.6336,0.6357333,0.6336,0.6346666,0.6325333,0.6314666,0.6368,0.6336,0.6325333,0.6336,0.6314666,0.6314666,0.6314666,0.6314666,0.6325333,0.6314666,0.6304,0.6314666,0.6304,0.6304,0.6304,0.6304,0.6336,0.6346666,0.6325333,0.6325333,0.6325333,0.6325333,0.6293333,0.6325333,0.6378666,0.6346666,0.6304,0.6325333,0.6314666,0.6325333,0.6304,0.6304,0.6304,0.6325333,0.6325333,0.6314666,0.6304,0.6314666,0.6314666,0.6314666,0.6336,0.6325333,0.6314666,0.6336,0.6336,0.6314666,0.6304,0.6314666,0.6304,0.6314666,0.6304,0.6325333,0.6325333,0.6314666,0.6314666,0.6325333,0.6304,0.6336,0.6304,0.6336,0.6314666,0.6325333,0.6325333,0.6325333,0.6325333,0.6314666,0.6304,0.6336,0.6346666,0.6314666,0.6336,0.6304,0.6325333,0.6325333,0.6346666,0.6378666,0.6336,0.6314666,0.6314666,0.6304,0.6314666,0.6325333,0.6325333,0.6336,0.6336,0.6325333,0.6304,0.64,0.6474667,0.6464,0.6538666,0.6613333,0.6613333,0.6549333,0.6634666,0.672,0.6656,0.6666666,0.6549333,0.6645333,0.6709333,0.6602666,0.6538666,0.6549333,0.6528,0.6666666,0.6709333,0.6709333,0.6656,0.6570666,0.6506667,0.6549333,0.6592,0.656,0.6538666,0.6581333,0.6570666,0.656,0.6549333,0.6538666,0.6538666,0.6549333,0.6549333,0.6517333,0.6506667,0.6485333,0.6464,0.6485333,0.6453333,0.6474667,0.6464,0.6485333,0.6432,0.6432,0.6442667,0.6421333,0.6368,0.6336,0.6346666,0.6346666,0.6368,0.6336,0.6368,0.6378666,0.64,0.6368,0.6378666,0.6378666,0.6421333,0.6432,0.6421333,0.6421333,0.6421333,0.6389333,0.6410667,0.6432,0.6421333,0.6410667,0.64,0.64,0.64,0.6442667,0.6432,0.6432,0.6389333,0.6368,0.6368,0.6378666,0.6368,0.6389333,0.6389333,0.6389333,0.64,0.6325333,0.6346666,0.6346666,0.6357333,0.6368,0.6378666,0.6378666,0.6357333,0.6357333,0.6282666,0.6218666,0.6197333,0.624,0.6197333,0.6186666,0.6186666,0.6122667,0.5984,0.5973333,0.5952,0.5973333,0.5962666,0.5962666,0.5952,0.5962666,0.5952,0.5962666,0.5962666,0.5973333,0.5962666,0.5952,0.5962666,0.6016,0.5952,0.5952,0.5962666,0.5930666
0.5877333,0.5866666,0.5888,0.5984,0.5984,0.5984,0.6186666,0.6250666,0.6208,0.6197333,0.6176,0.6208,0.6218666,0.6218666,0.6229333,0.6229333,0.6229333,0.6229333,0.624,0.6357333,0.6357333,0.6357333,0.6357333,0.6410667,0.64,0.6389333,0.6421333,0.6421333,0.64,0.6432,0.6410667,0.6410667,0.6410667,0.6410667,0.6410667,0.6410667,0.6410667,0.6410667,0.6410667,0.64,0.6421333,0.6421333,0.6421333,0.6421333,0.64,0.6453333,0.6410667,0.6432,0.6421333,0.6410667,0.6389333,0.64,0.6389333,0.64,0.6368,0.6410667,0.6410667,0.6410667,0.6410667,0.6410667,0.6421333,0.64,0.6389333,0.6421333,0.6410667,0.6410667,0.6432,0.6389333,0.6421333,0.6421333,0.6410667,0.64,0.6410667,0.6421333,0.64,0.6410667,0.6389333,0.64,0.6368,0.6368,0.6389333,0.6410667,0.64,0.6410667,0.6432,0.6389333,0.6357333,0.6410667,0.64,0.6389333,0.6346666,0.6389333,0.64,0.6368,0.6357333,0.6346666,0.6336,0.6325333,0.6378666,0.6346666,0.6346666,0.6325333,0.6368,0.6314666,0.6314666,0.6357333,0.6314666,0.6346666,0.6314666,0.6314666,0.6282666,0.6325333,0.6325333,0.6325333,0.6336,0.6304,0.6336,0.6378666,0.6357333,0.6336,0.6304,0.6346666,0.6304,0.6304,0.6346666,0.6378666,0.6368,0.6357333,0.6421333,0.6410667,0.64,0.6336,0.6336,0.6336,0.6325333,0.6325333,0.6304,0.6325333,0.6357333,0.6346666,0.6282666,0.6293333,0.6336,0.6314666,0.6282666,0.6293333,0.6293333,0.6282666,0.6293333,0.6271999,0.6250666,0.6282666,0.6271999,0.6368,0.6304,0.6357333,0.6346666,0.6325333,0.6293333,0.6304,0.6282666,0.6271999,0.6282666,0.6346666,0.6304,0.6271999,0.6271999,0.6304,0.6271999,0.6271999,0.6271999,0.6282666,0.6250666,0.6282666,0.6314666,0.6271999,0.6261333,0.6346666,0.6304,0.6271999,0.6293333,0.6282666,0.6250666,0.6282666,0.6261333,0.6336,0.6293333,0.6304,0.6293333,0.6282666,0.6282666,0.6271999,0.6325333,0.6282666,0.6282666,0.6282666,0.6282666,0.6282666,0.6271999,0.6271999,0.6271999,0.6250666,0.6271999,0.6271999,0.6261333,0.6271999,0.6261333,0.6271999,0.6304,0.6271999,0.6282666,0.6293333,0.6250666,0.6282666,0.6261333,0.6271999,0.6336,0.6271999,0.6271999,0.6282666,0.6271999,0.6271999,0.6261333,0.6271999,0.624,0.6282666,0.6271999,0.6282666,0.6261333,0.6271999,0.6282666,0.6282666,0.6293333,0.6304,0.6271999,0.6261333,0.6293333,0.6261333,0.6271999,0.6250666,0.6282666,0.6250666,0.6261333,0.6282666,0.6271999,0.6282666,0.6271999,0.6271999,0.6271999,0.6271999,0.6261333,0.6271999,0.6261333,0.6261333,0.6271999,0.6261333,0.6271999,0.6271999,0.6293333,0.6293333,0.6293333,0.6293333,0.6282666,0.6261333,0.6271999,0.6282666,0.6304,0.6336,0.6282666,0.6304,0.6271999,0.6282666,0.6271999,0.6271999,0.6261333,0.6282666,0.6261333,0.6271999,0.6314666,0.6357333,0.6410667,0.6421333,0.6496,0.6549333,0.656,0.6496,0.6623999,0.6656,0.6634666,0.6623999,0.6506667,0.6623999,0.6677333,0.6517333,0.6485333,0.6485333,0.6453333,0.6570666,0.6645333,0.6656,0.6613333,0.6506667,0.6506667,0.6549333,0.6517333,0.6506667,0.6496,0.6506667,0.6517333,0.6485333,0.6485333,0.6474667,0.6485333,0.6496,0.6496,0.6442667,0.6464,0.6432,0.6421333,0.6410667,0.6421333,0.6421333,0.6421333,0.6410667,0.64,0.6410667,0.6378666,0.6378666,0.6314666,0.6271999,0.6314666,0.6293333,0.6346666,0.6325333,0.6314666,0.6293333,0.6346666,0.6346666,0.6336,0.6314666,0.6368,0.64,0.6357333,0.6378666,0.6368,0.6346666,0.6346666,0.6378666,0.6378666,0.6346666,0.6357333,0.6346666,0.6357333,0.6357333,0.6357333,0.6389333,0.6336,0.6314666,0.6325333,0.6325333,0.6314666,0.6346666,0.6336,0.6325333,0.6314666,0.6271999,0.6271999,0.6304,0.6304,0.6325333,0.6336,0.6325333,0.6325333,0.6282666,0.6250666,0.6165333,0.6154667,0.6144,0.6165333,0.6133333,0.6133333,0.6058667,0.5919999,0.5909333,0.5919999,0.5919999,0.5898666,0.5909333,0.5909333,0.5909333,0.5888,0.5888,0.5898666,0.5888,0.5898666,0.5909333,0.5898666,0.5952,0.5909333,0.5888,0.5888,0.5898666
0.6037333,0.6048,0.6090667,0.6165333,0.6154667,0.6186666,0.64,0.6442667,0.6421333,0.6368,0.6368,0.6378666,0.6389333,0.6389333,0.6421333,0.6410667,0.6410667,0.6421333,0.6421333,0.6538666,0.656,0.656,0.656,0.6613333,0.6602666,0.6602666,0.6602666,0.6613333,0.6602666,0.6623999,0.6623999,0.6602666,0.6602666,0.6592,0.6592,0.6602666,0.6613333,0.6581333,0.6592,0.6602666,0.6634666,0.6623999,0.6613333,0.6623999,0.6602666,0.6613333,0.6613333,0.6634666,0.6613333,0.6602666,0.6592,0.6613333,0.6613333,0.6602666,0.6602666,0.6602666,0.6592,0.6613333,0.6602666,0.6602666,0.6592,0.6602666,0.6602666,0.6613333,0.6613333,0.6613333,0.6613333,0.6592,0.6613333,0.6602666,0.6602666,0.6602666,0.6602666,0.6602666,0.6592,0.6602666,0.6570666,0.6581333,0.6581333,0.6549333,0.656,0.6613333,0.6602666,0.6602666,0.6613333,0.6570666,0.6538666,0.6613333,0.6581333,0.6581333,0.6517333,0.6570666,0.6570666,0.6538666,0.6570666,0.6528,0.6496,0.6496,0.6517333,0.6517333,0.6528,0.6549333,0.6538666,0.6506667,0.6528,0.6528,0.6496,0.6528,0.6506667,0.6485333,0.6496,0.6506667,0.6485333,0.6517333,0.6517333,0.6528,0.6528,0.6538666,0.6538666,0.6528,0.6485333,0.6517333,0.6464,0.6474667,0.6528,0.6549333,0.6517333,0.6517333,0.6613333,0.6602666,0.6538666,0.6517333,0.6538666,0.6506667,0.6506667,0.6496,0.6485333,0.6506667,0.6528,0.6496,0.6464,0.6485333,0.6517333,0.6474667,0.6453333,0.6474667,0.6442667,0.6453333,0.6464,0.6442667,0.6453333,0.6464,0.6464,0.6538666,0.6464,0.6570666,0.6506667,0.6506667,0.6464,0.6453333,0.6453333,0.6464,0.6496,0.6496,0.6474667,0.6442667,0.6453333,0.6496,0.6464,0.6442667,0.6464,0.6442667,0.6464,0.6517333,0.6474667,0.6464,0.6453333,0.6506667,0.6474667,0.6453333,0.6474667,0.6453333,0.6464,0.6453333,0.6432,0.6485333,0.6464,0.6496,0.6453333,0.6432,0.6442667,0.6442667,0.6496,0.6453333,0.6464,0.6464,0.6464,0.6453333,0.6432,0.6464,0.6453333,0.6432,0.6432,0.6432,0.6432,0.6432,0.6453333,0.6453333,0.6485333,0.6453333,0.6464,0.6442667,0.6442667,0.6453333,0.6432,0.6453333,0.6528,0.6464,0.6442667,0.6474667,0.6442667,0.6432,0.6442667,0.6464,0.6453333,0.6432,0.6432,0.6442667,0.6432,0.6442667,0.6453333,0.6432,0.6464,0.6485333,0.6474667,0.6464,0.6453333,0.6442667,0.6442667,0.6432,0.6442667,0.6442667,0.6474667,0.6442667,0.6453333,0.6432,0.6474667,0.6432,0.6442667,0.6453333,0.6464,0.6432,0.6464,0.6442667,0.6432,0.6432,0.6432,0.6432,0.6474667,0.6496,0.6464,0.6464,0.6464,0.6442667,0.6442667,0.6442667,0.6485333,0.6517333,0.6464,0.6453333,0.6442667,0.6442667,0.6442667,0.6442667,0.6464,0.6453333,0.6442667,0.6442667,0.6485333,0.656,0.6592,0.6581333,0.6698666,0.6709333,0.6762666,0.6698666,0.6826667,0.6837333,0.6848,0.6794667,0.6677333,0.6826667,0.6858667,0.6688,0.6698666,0.6656,0.6666666,0.6826667,0.6816,0.6826667,0.6762666,0.6698666,0.6709333,0.6730666,0.6698666,0.6688,0.6677333,0.6709333,0.6698666,0.6688,0.6688,0.6656,0.6688,0.6677333,0.6666666,0.6666666,0.6645333,0.6623999,0.6623999,0.6602666,0.6602666,0.6613333,0.6613333,0.6592,0.6592,0.6581333,0.6592,0.6549333,0.6496,0.6453333,0.6485333,0.6474667,0.6496,0.6474667,0.6506667,0.6496,0.6538666,0.6528,0.6538666,0.6496,0.6581333,0.6581333,0.6528,0.6549333,0.656,0.6538666,0.6549333,0.6549333,0.6549333,0.6538666,0.6549333,0.6538666,0.6538666,0.6581333,0.6581333,0.656,0.6517333,0.6517333,0.6506667,0.6528,0.6517333,0.6496,0.6517333,0.6528,0.6496,0.6496,0.6485333,0.6496,0.6485333,0.6517333,0.6496,0.6528,0.6517333,0.6517333,0.6453333,0.6368,0.6346666,0.6357333,0.6336,0.6325333,0.6314666,0.6229333,0.6112,0.6112,0.6101333,0.608,0.6090667,0.608,0.608,0.6090667,0.6090667,0.608,0.6090667,0.6101333,0.608,0.6090667,0.6112,0.6144,0.608,0.608,0.6069333,0.608
0.5818908,0.5818908,0.5818908,0.5818908,0.5818908,0.5818908,0.5818908,0.5898802,0.5978695,0.6018642,0.6045273,0.608522,0.6031957,0.5978695,0.5925433,0.5912117,0.5858855,0.584554,0.5818908,0.5818908,0.5818908,0.5818908,0.5818908,0.5818908,0.5858855,0.5858855,0.5818908,0.5818908,0.587217,0.5818908,0.5818908,0.584554,0.5818908,0.5818908,0.5818908,0.5818908,0.5818908,0.5818908,0.5858855,0.5818908,0.5818908,0.5818908,0.5818908,0.5818908,0.5818908,0.5818908,0.5818908,0.5818908,0.5818908,0.5818908,0.5818908,0.5818908,0.5858855,0.5818908,0.5818908,0.5818908,0.5818908,0.5818908,0.5858855,0.5818908,0.5818908,0.5858855,0.5818908,0.5818908,0.5818908,0.5818908,0.5818908,0.5818908,0.5818908,0.5818908,0.5818908,0.5818908,0.5818908,0.5858855,0.5818908,0.5818908,0.5818908,0.5818908,0.5792277,0.5792277,0.5765646,0.5739015,0.5699068,0.5699068,0.5672437,0.5672437,0.5699068,0.5739015,0.575233,0.5778961,0.5778961,0.5765646,0.5778961,0.5765646,0.5792277,0.5792277,0.5765646,0.5818908,0.5818908,0.5778961,0.5765646,0.5765646,0.5818908,0.5792277,0.5792277,0.5792277,0.5818908,0.5818908,0.5818908,0.5818908,0.5818908,0.5818908,0.5818908,0.5818908,0.5818908,0.5818908,0.5818908,0.5792277,0.5818908,0.5818908,0.5818908,0.5818908,0.5818908,0.5818908,0.5818908,0.5818908,0.5818908,0.5818908,0.5818908,0.5818908,0.5818908,0.5818908,0.5818908,0.5818908,0.5818908,0.5818908,0.5818908,0.5818908,0.5818908,0.5818908,0.5818908,0.5818908,0.5818908,0.5818908,0.5818908,0.5818908,0.5818908,0.5818908,0.5818908,0.5818908,0.5818908,0.5818908,0.5818908,0.5818908,0.5818908,0.5818908,0.5818908,0.5818908,0.5818908,0.5818908,0.5818908,0.5818908,0.5818908,0.5818908,0.5818908,0.5818908,0.5818908,0.5818908,0.5818908,0.5818908,0.5818908,0.5818908,0.5818908,0.5818908,0.5818908,0.5818908,0.5818908,0.5818908,0.5818908,0.5818908,0.5818908,0.5818908,0.5818908,0.5818908,0.5818908,0.5818908,0.5818908,0.5818908,0.5818908,0.5818908,0.5818908,0.5818908,0.5818908,0.5818908,0.5818908,0.5818908,0.5818908,0.5818908,0.5818908,0.5818908,0.5818908,0.5818908,0.5818908,0.5818908,0.5818908,0.5818908,0.5818908,0.5818908,0.5818908,0.5818908,0.5818908,0.5818908,0.5818908,0.5818908,0.5818908,0.5818908,0.5818908,0.5818908,0.5818908,0.5818908,0.5818908,0.5818908,0.5818908,0.5818908,0.5818908,0.5818908,0.5818908,0.5818908,0.5818908,0.5818908,0.5818908,0.5818908,0.5818908,0.5818908,0.5818908,0.5818908,0.5818908,0.5818908,0.5818908,0.5818908,0.5818908,0.5818908,0.5818908,0.5818908,0.5818908,0.5818908,0.5818908,0.5818908,0.5818908,0.5818908,0.5818908,0.5818908,0.5818908,0.5818908,0.5818908,0.5818908,0.5818908,0.5818908,0.5818908,0.5818908,0.5818908,0.5818908,0.5818908,0.5818908,0.5818908,0.5818908,0.5818908,0.5818908,0.5818908,0.5818908,0.5818908,0.5818908,0.5818908,0.5818908,0.5818908,0.5818908,0.5818908,0.5818908,0.5818908,0.5818908,0.5818908,0.5818908,0.5818908,0.5938748,0.6098535,0.6125166,0.6125166,0.5898802,0.5739015,0.5645806,0.539281,0.5286285,0.5366178,0.5246338,0.5166445,0.5579228,0.584554,0.5965379,0.5965379,0.5898802,0.5992011,0.6165113,0.6338215,0.6165113,0.5978695,0.5898802,0.5938748,0.5938748,0.5912117,0.5858855,0.584554,0.5792277,0.575233,0.5739015,0.575233,0.5739015,0.5778961,0.5778961,0.5818908,0.5818908,0.5818908,0.5818908,0.5818908,0.5792277,0.5818908,0.5818908,0.5818908,0.5818908,0.5818908,0.5818908,0.5818908,0.5818908,0.5818908,0.5818908,0.5818908,0.5818908,0.5818908,0.5818908,0.5818908,0.5818908,0.5818908,0.5818908,0.5685752,0.5419441,0.5379494,0.5486019,0.5699068,0.5818908,0.5858855,0.5858855,0.5858855,0.5818908,0.5818908,0.5792277,0.5818908,0.5818908,0.5818908,0.5818908,0.5765646,0.5818908,0.5778961,0.5818908,0.5818908,0.5818908,0.5792277,0.5778961,0.5818908,0.5818908,0.5818908,0.5818908,0.5818908,0.5778961,0.5818908,0.5778961,0.5778961,0.5778961,0.5818908,0.5818908,0.5818908,0.5818908,0.5818908,0.5818908,0.5818908,0.575233,0.6418109,0.6151798,0.5965379,0.5952064,0.5858855,0.5898802,0.584554,0.584554,0.5858855,0.5818908,0.584554,0.5818908,0.5765646,0.5792277,0.5792277,0.5778961,0.5818908,0.5818908
